County,State,CountyName,Affordability
01001,AL,Autauga County,1.189
01003,AL,Baldwin County,1.207
01005,AL,Barbour County,0.958
01007,AL,Bibb County,1.062
01009,AL,Blount County,1.071
01011,AL,Bullock County,0.669
01013,AL,Butler County,0.943
01015,AL,Calhoun County,1.098
01017,AL,Chambers County,0.937
01019,AL,Cherokee County,1.09
01021,AL,Chilton County,1.117
01023,AL,Choctaw County,1.058
01025,AL,Clarke County,1.019
01027,AL,Clay County,1.007
01029,AL,Cleburne County,1.183
01031,AL,Coffee County,1.203
01033,AL,Colbert County,1.046
01035,AL,Conecuh County,0.865
01037,AL,Coosa County,1.051
01039,AL,Covington County,1.071
01041,AL,Crenshaw County,1.121
01043,AL,Cullman County,1.101
01045,AL,Dale County,1.118
01047,AL,Dallas County,0.86
01049,AL,DeKalb County,1.02
01051,AL,Elmore County,1.23
01053,AL,Escambia County,0.93
01055,AL,Etowah County,1.105
01057,AL,Fayette County,1.033
01059,AL,Franklin County,0.992
01061,AL,Geneva County,1.006
01063,AL,Greene County,0.811
01065,AL,Hale County,0.988
01067,AL,Henry County,1.18
01069,AL,Houston County,1.168
01071,AL,Jackson County,1.041
01073,AL,Jefferson County,1.126
01075,AL,Lamar County,1.044
01077,AL,Lauderdale County,1.19
01079,AL,Lawrence County,1.105
01081,AL,Lee County,1.197
01083,AL,Limestone County,1.325
01085,AL,Lowndes County,0.771
01087,AL,Macon County,0.809
01089,AL,Madison County,1.384
01091,AL,Marengo County,1.102
01093,AL,Marion County,1.064
01095,AL,Marshall County,1.224
01097,AL,Mobile County,1.055
01099,AL,Monroe County,0.94
01101,AL,Montgomery County,1.07
01103,AL,Morgan County,1.202
01105,AL,Perry County,0.655
01107,AL,Pickens County,0.939
01109,AL,Pike County,1.089
01111,AL,Randolph County,1.044
01113,AL,Russell County,0.913
01115,AL,St. Clair County,1.11
01117,AL,Shelby County,1.407
01119,AL,Sumter County,0.739
01121,AL,Talladega County,1.115
01123,AL,Tallapoosa County,0.981
01125,AL,Tuscaloosa County,1.202
01127,AL,Walker County,1.096
01129,AL,Washington County,1.14
01131,AL,Wilcox County,0.711
01133,AL,Winston County,0.974
02013,AK,Aleutians East Borough,0.956
02016,AK,Aleutians West Census Area,1.254
02020,AK,Anchorage Municipality,1.318
02050,AK,Bethel Census Area,0.74
02060,AK,Bristol Bay Borough,1.228
02063,AK,Chugach Census Area,1.256
02066,AK,Copper River Census Area,1.271
02068,AK,Denali Borough,1.635
02070,AK,Dillingham Census Area,0.904
02090,AK,Fairbanks North Star Borough,1.121
02100,AK,Haines Borough,1.218
02105,AK,Hoonah-Angoon Census Area,0.952
02110,AK,Juneau City and Borough,1.266
02122,AK,Kenai Peninsula Borough,1.217
02130,AK,Ketchikan Gateway Borough,1.257
02150,AK,Kodiak Island Borough,1.132
02158,AK,Kusilvak Census Area,0.599
02164,AK,Lake and Peninsula Borough,0.911
02170,AK,Matanuska-Susitna Borough,1.211
02180,AK,Nome Census Area,0.833
02185,AK,North Slope Borough,1.07
02188,AK,Northwest Arctic Borough,0.888
02195,AK,Petersburg Borough,1.08
02198,AK,Prince of Wales-Hyder Census Area,0.975
02220,AK,Sitka City and Borough,1.268
02230,AK,Skagway Municipality,1.303
02240,AK,Southeast Fairbanks Census Area,0.97
02275,AK,Wrangell City and Borough,0.984
02282,AK,Yakutat City and Borough,0.958
02290,AK,Yukon-Koyukuk Census Area,0.822
04001,AZ,Apache County,0.626
04003,AZ,Cochise County,1.074
04005,AZ,Coconino County,1.003
04007,AZ,Gila County,0.958
04009,AZ,Graham County,1.023
04011,AZ,Greenlee County,1.157
04012,AZ,La Paz County,0.818
04013,AZ,Maricopa County,1.146
04015,AZ,Mohave County,0.859
04017,AZ,Navajo County,0.783
04019,AZ,Pima County,1.188
04021,AZ,Pinal County,1.023
04023,AZ,Santa Cruz County,0.992
04025,AZ,Yavapai County,0.949
04027,AZ,Yuma County,0.851
05001,AR,Arkansas County,1.232
05003,AR,Ashley County,1.023
05005,AR,Baxter County,1.01
05007,AR,Benton County,1.394
05009,AR,Boone County,1.13
05011,AR,Bradley County,1.015
05013,AR,Calhoun County,1.067
05015,AR,Carroll County,1.176
05017,AR,Chicot County,0.919
05019,AR,Clark County,1.124
05021,AR,Clay County,1.037
05023,AR,Cleburne County,1.061
05025,AR,Cleveland County,1.169
05027,AR,Columbia County,0.998
05029,AR,Conway County,1.056
05031,AR,Craighead County,1.157
05033,AR,Crawford County,1.056
05035,AR,Crittenden County,0.97
05037,AR,Cross County,1.057
05039,AR,Dallas County,1.216
05041,AR,Desha County,0.855
05043,AR,Drew County,1.073
05045,AR,Faulkner County,1.213
05047,AR,Franklin County,1.158
05049,AR,Fulton County,0.866
05051,AR,Garland County,1.076
05053,AR,Grant County,1.299
05055,AR,Greene County,1.079
05057,AR,Hempstead County,1.017
05059,AR,Hot Spring County,1.089
05061,AR,Howard County,0.975
05063,AR,Independence County,1.073
05065,AR,Izard County,0.976
05067,AR,Jackson County,1.003
05069,AR,Jefferson County,1.031
05071,AR,Johnson County,0.902
05073,AR,Lafayette County,0.984
05075,AR,Lawrence County,0.978
05077,AR,Lee County,0.877
05079,AR,Lincoln County,1.068
05081,AR,Little River County,1.221
05083,AR,Logan County,1.104
05085,AR,Lonoke County,1.249
05087,AR,Madison County,0.933
05089,AR,Marion County,0.909
05091,AR,Miller County,0.959
05093,AR,Mississippi County,1.101
05095,AR,Monroe County,1.185
05097,AR,Montgomery County,0.935
05099,AR,Nevada County,0.791
05101,AR,Newton County,1.1
05103,AR,Ouachita County,1.06
05105,AR,Perry County,1.075
05107,AR,Phillips County,0.886
05109,AR,Pike County,1.083
05111,AR,Poinsett County,0.947
05113,AR,Polk County,1.028
05115,AR,Pope County,1.088
05117,AR,Prairie County,1.297
05119,AR,Pulaski County,1.217
05121,AR,Randolph County,1.016
05123,AR,St. Francis County,0.841
05125,AR,Saline County,1.33
05127,AR,Scott County,1.047
05129,AR,Searcy County,0.878
05131,AR,Sebastian County,1.089
05133,AR,Sevier County,0.989
05135,AR,Sharp County,0.969
05137,AR,Stone County,0.866
05139,AR,Union County,1.077
05141,AR,Van Buren County,1.014
05143,AR,Washington County,1.209
05145,AR,White County,1.094
05147,AR,Woodruff County,1.091
05149,AR,Yell County,1.099
06001,CA,Alameda County,1.29
06003,CA,Alpine County,1.33
06005,CA,Amador County,1.137
06007,CA,Butte County,1.018
06009,CA,Calaveras County,1.019
06011,CA,Colusa County,1.04
06013,CA,Contra Costa County,1.199
06015,CA,Del Norte County,0.963
06017,CA,El Dorado County,1.23
06019,CA,Fresno County,1.004
06021,CA,Glenn County,0.998
06023,CA,Humboldt County,0.95
06025,CA,Imperial County,0.829
06027,CA,Inyo County,0.969
06029,CA,Kern County,0.957
06031,CA,Kings County,0.954
06033,CA,Lake County,0.943
06035,CA,Lassen County,0.858
06037,CA,Los Angeles County,0.958
06039,CA,Madera County,0.981
06041,CA,Marin County,1.359
06043,CA,Mariposa County,0.917
06045,CA,Mendocino County,0.932
06047,CA,Merced County,0.888
06049,CA,Modoc County,0.786
06051,CA,Mono County,1.012
06053,CA,Monterey County,0.848
06055,CA,Napa County,1.061
06057,CA,Nevada County,1.076
06059,CA,Orange County,1.106
06061,CA,Placer County,1.239
06063,CA,Plumas County,1.06
06065,CA,Riverside County,1.067
06067,CA,Sacramento County,1.065
06069,CA,San Benito County,1.06
06071,CA,San Bernardino County,1.011
06073,CA,San Diego County,1.044
06075,CA,San Francisco County,1.265
06077,CA,San Joaquin County,1.064
06079,CA,San Luis Obispo County,1.089
06081,CA,San Mateo County,1.224
06083,CA,Santa Barbara County,0.893
06085,CA,Santa Clara County,1.403
06087,CA,Santa Cruz County,0.975
06089,CA,Shasta County,1.002
06091,CA,Sierra County,0.831
06093,CA,Siskiyou County,0.864
06095,CA,Solano County,1.112
06097,CA,Sonoma County,1.073
06099,CA,Stanislaus County,1.044
06101,CA,Sutter County,1.025
06103,CA,Tehama County,0.926
06105,CA,Trinity County,0.779
06107,CA,Tulare County,0.915
06109,CA,Tuolumne County,1.098
06111,CA,Ventura County,1.034
06113,CA,Yolo County,1.124
06115,CA,Yuba County,0.969
08001,CO,Adams County,1.069
08003,CO,Alamosa County,0.893
08005,CO,Arapahoe County,1.225
08007,CO,Archuleta County,0.973
08009,CO,Baca County,0.99
08011,CO,Bent County,0.808
08013,CO,Boulder County,1.37
08014,CO,Broomfield County,1.528
08015,CO,Chaffee County,1.058
08017,CO,Cheyenne County,1.314
08019,CO,Clear Creek County,1.391
08021,CO,Conejos County,0.882
08023,CO,Costilla County,0.687
08025,CO,Crowley County,0.843
08027,CO,Custer County,0.974
08029,CO,Delta County,0.973
08031,CO,Denver County,1.185
08033,CO,Dolores County,1.292
08035,CO,Douglas County,1.529
08037,CO,Eagle County,1.148
08039,CO,Elbert County,1.483
08041,CO,El Paso County,1.119
08043,CO,Fremont County,1.013
08045,CO,Garfield County,1.15
08047,CO,Gilpin County,1.267
08049,CO,Grand County,1.197
08051,CO,Gunnison County,1.402
08053,CO,Hinsdale County,0.918
08055,CO,Huerfano County,0.944
08057,CO,Jackson County,0.698
08059,CO,Jefferson County,1.339
08061,CO,Kiowa County,0.874
08063,CO,Kit Carson County,0.986
08065,CO,Lake County,1.205
08067,CO,La Plata County,1.175
08069,CO,Larimer County,1.218
08071,CO,Las Animas County,0.926
08073,CO,Lincoln County,1.255
08075,CO,Logan County,1.1
08077,CO,Mesa County,1.16
08079,CO,Mineral County,0.788
08081,CO,Moffat County,0.996
08083,CO,Montezuma County,0.975
08085,CO,Montrose County,1.042
08087,CO,Morgan County,1.111
08089,CO,Otero County,0.941
08091,CO,Ouray County,0.975
08093,CO,Park County,1.1
08095,CO,Phillips County,1.015
08097,CO,Pitkin County,1.218
08099,CO,Prowers County,0.951
08101,CO,Pueblo County,1.039
08103,CO,Rio Blanco County,1.14
08105,CO,Rio Grande County,1.144
08107,CO,Routt County,1.2
08109,CO,Saguache County,0.855
08111,CO,San Juan County,0.824
08113,CO,San Miguel County,1.029
08115,CO,Sedgwick County,1.084
08117,CO,Summit County,1.155
08119,CO,Teller County,0.997
08121,CO,Washington County,1.003
08123,CO,Weld County,1.28
08125,CO,Yuma County,1.01
09001,CT,Fairfield County,0.91
09003,CT,Hartford County,1.191
09005,CT,Litchfield County,1.293
09007,CT,Middlesex County,0.998
09009,CT,New Haven County,1.024
09011,CT,New London County,1.35
09013,CT,Tolland County,0.931
09015,CT,Windham County,0.869
10001,DE,Kent County,1.268
10003,DE,New Castle County,0.933
10005,DE,Sussex County,1.582
11001,DC,District of Columbia,0.771
12001,FL,Alachua County,1.072
12003,FL,Baker County,1.072
12005,FL,Bay County,0.787
12007,FL,Bradford County,1.141
12009,FL,Brevard County,0.99
12011,FL,Broward County,0.698
12013,FL,Calhoun County,0.978
12015,FL,Charlotte County,0.792
12017,FL,Citrus County,1.206
12019,FL,Clay County,1.134
12021,FL,Collier County,0.735
12023,FL,Columbia County,0.655
12027,FL,DeSoto County,0.73
12029,FL,Dixie County,1.097
12031,FL,Duval County,0.971
12033,FL,Escambia County,0.938
12035,FL,Flagler County,0.744
12037,FL,Franklin County,0.867
12039,FL,Gadsden County,0.857
12041,FL,Gilchrist County,0.76
12043,FL,Glades County,0.861
12045,FL,Gulf County,0.761
12047,FL,Hamilton County,0.758
12049,FL,Hardee County,0.692
12051,FL,Hendry County,0.983
12053,FL,Hernando County,0.728
12055,FL,Highlands County,1.189
12057,FL,Hillsborough County,0.675
12059,FL,Holmes County,1.175
12061,FL,Indian River County,0.76
12063,FL,Jackson County,1.019
12065,FL,Jefferson County,0.961
12067,FL,Lafayette County,0.984
12069,FL,Lake County,1.008
12071,FL,Lee County,1.042
12073,FL,Leon County,0.693
12075,FL,Levy County,0.692
12077,FL,Liberty County,0.789
12079,FL,Madison County,1.176
12081,FL,Manatee County,0.74
12083,FL,Marion County,1.257
12085,FL,Martin County,0.764
12086,FL,Miami-Dade County,1.057
12087,FL,Monroe County,0.858
12089,FL,Nassau County,1.048
12091,FL,Okaloosa County,0.676
12093,FL,Okeechobee County,1.046
12095,FL,Orange County,0.754
12097,FL,Osceola County,1.049
12099,FL,Palm Beach County,0.776
12101,FL,Pasco County,0.963
12103,FL,Pinellas County,0.781
12105,FL,Polk County,0.713
12107,FL,Putnam County,1.728
12109,FL,St. Johns County,0.769
12111,FL,St. Lucie County,1.051
12113,FL,Santa Rosa County,1.066
12115,FL,Sarasota County,1.018
12117,FL,Seminole County,0.887
12119,FL,Sumter County,0.82
12121,FL,Suwannee County,0.809
12123,FL,Taylor County,0.859
12125,FL,Union County,1.019
12127,FL,Volusia County,1.048
12129,FL,Wakulla County,1.1
12131,FL,Walton County,0.663
12133,FL,Washington County,0.821
13001,GA,Appling County,0.76
13003,GA,Atkinson County,0.809
13005,GA,Bacon County,0.937
13007,GA,Baker County,1.108
13009,GA,Baldwin County,0.963
13011,GA,Banks County,1.184
13013,GA,Barrow County,0.873
13015,GA,Bartow County,0.571
13017,GA,Ben Hill County,0.899
13019,GA,Berrien County,0.984
13021,GA,Bibb County,0.908
13023,GA,Bleckley County,0.874
13025,GA,Brantley County,0.859
13027,GA,Brooks County,1.492
13029,GA,Bryan County,0.729
13031,GA,Bulloch County,0.783
13033,GA,Burke County,0.903
13035,GA,Butts County,0.594
13037,GA,Calhoun County,1.081
13039,GA,Camden County,0.602
13043,GA,Candler County,1.098
13045,GA,Carroll County,0.998
13047,GA,Catoosa County,0.743
13049,GA,Charlton County,1.189
13051,GA,Chatham County,0.695
13053,GA,Chattahoochee County,0.686
13055,GA,Chattooga County,1.769
13057,GA,Cherokee County,0.647
13059,GA,Clarke County,0.404
13061,GA,Clay County,0.922
13063,GA,Clayton County,0.593
13065,GA,Clinch County,1.702
13067,GA,Cobb County,0.576
13069,GA,Coffee County,0.814
13071,GA,Colquitt County,1.647
13073,GA,Columbia County,0.632
13075,GA,Cook County,1.53
13077,GA,Coweta County,0.777
13079,GA,Crawford County,0.679
13081,GA,Crisp County,1.061
13083,GA,Dade County,1.276
13085,GA,Dawson County,0.675
13087,GA,Decatur County,1.404
13089,GA,DeKalb County,0.621
13091,GA,Dodge County,0.929
13093,GA,Dooly County,0.825
13095,GA,Dougherty County,1.249
13097,GA,Douglas County,0.543
13099,GA,Early County,0.937
13101,GA,Echols County,1.378
13103,GA,Effingham County,0.638
13105,GA,Elbert County,0.759
13107,GA,Emanuel County,0.898
13109,GA,Evans County,1.051
13111,GA,Fannin County,1.823
13113,GA,Fayette County,0.691
13115,GA,Floyd County,1.932
13117,GA,Forsyth County,0.592
13119,GA,Franklin County,1.698
13121,GA,Fulton County,0.755
13123,GA,Gilmer County,1.187
13125,GA,Glascock County,1.094
13127,GA,Glynn County,0.801
13129,GA,Gordon County,0.915
13131,GA,Grady County,1.242
13133,GA,Greene County,1.337
13135,GA,Gwinnett County,0.742
13137,GA,Habersham County,1.296
13139,GA,Hall County,0.631
13141,GA,Hancock County,1.038
13143,GA,Haralson County,1.544
13145,GA,Harris County,0.836
13147,GA,Hart County,1.119
13149,GA,Heard County,1.333
13151,GA,Henry County,0.896
13153,GA,Houston County,0.841
13155,GA,Irwin County,1.325
13157,GA,Jackson County,0.866
13159,GA,Jasper County,0.627
13161,GA,Jeff Davis County,0.802
13163,GA,Jefferson County,0.675
13165,GA,Jenkins County,0.879
13167,GA,Johnson County,1.106
13169,GA,Jones County,1.053
13171,GA,Lamar County,0.877
13173,GA,Lanier County,0.773
13175,GA,Laurens County,1.408
13177,GA,Lee County,0.767
13179,GA,Liberty County,0.897
13181,GA,Lincoln County,0.967
13183,GA,Long County,0.918
13185,GA,Lowndes County,1.065
13187,GA,Lumpkin County,0.83
13189,GA,McDuffie County,1.077
13191,GA,McIntosh County,0.734
13193,GA,Macon County,0.983
13195,GA,Madison County,0.855
13197,GA,Marion County,0.81
13199,GA,Meriwether County,0.9
13201,GA,Miller County,0.729
13205,GA,Mitchell County,1.418
13207,GA,Monroe County,0.855
13209,GA,Montgomery County,1.332
13211,GA,Morgan County,0.817
13213,GA,Murray County,0.983
13215,GA,Muscogee County,0.985
13217,GA,Newton County,1.439
13219,GA,Oconee County,0.79
13221,GA,Oglethorpe County,1.179
13223,GA,Paulding County,0.733
13225,GA,Peach County,1.196
13227,GA,Pickens County,0.786
13229,GA,Pierce County,1.444
13231,GA,Pike County,0.806
13233,GA,Polk County,0.998
13235,GA,Pulaski County,1.088
13237,GA,Putnam County,0.689
13239,GA,Quitman County,0.893
13241,GA,Rabun County,0.628
13243,GA,Randolph County,0.896
13245,GA,Richmond County,1.04
13247,GA,Rockdale County,0.644
13249,GA,Schley County,0.947
13251,GA,Screven County,0.745
13253,GA,Seminole County,0.981
13255,GA,Spalding County,0.887
13257,GA,Stephens County,0.739
13259,GA,Stewart County,0.841
13261,GA,Sumter County,0.846
13263,GA,Talbot County,0.759
13265,GA,Taliaferro County,0.885
13267,GA,Tattnall County,0.754
13269,GA,Taylor County,0.554
13271,GA,Telfair County,0.753
13273,GA,Terrell County,0.975
13275,GA,Thomas County,0.891
13277,GA,Tift County,0.965
13279,GA,Toombs County,0.953
13281,GA,Towns County,0.867
13283,GA,Treutlen County,1.021
13285,GA,Troup County,0.773
13287,GA,Turner County,0.97
13289,GA,Twiggs County,1.011
13291,GA,Union County,0.94
13293,GA,Upson County,1.01
13295,GA,Walker County,1.155
13297,GA,Walton County,0.675
13299,GA,Ware County,0.811
13301,GA,Warren County,0.821
13303,GA,Washington County,0.965
13305,GA,Wayne County,0.916
13307,GA,Webster County,0.818
13309,GA,Wheeler County,1.072
13311,GA,White County,0.98
13313,GA,Whitfield County,0.812
13315,GA,Wilcox County,0.981
13317,GA,Wilkes County,0.858
13319,GA,Wilkinson County,0.91
13321,GA,Worth County,1.283
15001,HI,Hawaii County,1.188
15003,HI,Honolulu County,1.291
15005,HI,Kalawao County,1.001
15007,HI,Kauai County,0.893
15009,HI,Maui County,0.849
16001,ID,Ada County,0.752
16003,ID,Adams County,1.022
16005,ID,Bannock County,1.103
16007,ID,Bear Lake County,0.851
16009,ID,Benewah County,0.984
16011,ID,Bingham County,1.17
16013,ID,Blaine County,0.902
16015,ID,Boise County,0.906
16017,ID,Bonner County,1.098
16019,ID,Bonneville County,0.945
16021,ID,Boundary County,0.82
16023,ID,Butte County,0.859
16025,ID,Camas County,0.848
16027,ID,Canyon County,0.961
16029,ID,Caribou County,0.901
16031,ID,Cassia County,0.945
16033,ID,Clark County,0.906
16035,ID,Clearwater County,0.781
16037,ID,Custer County,0.741
16039,ID,Elmore County,1.057
16041,ID,Franklin County,0.993
16043,ID,Fremont County,0.903
16045,ID,Gem County,0.919
16047,ID,Gooding County,0.839
16049,ID,Idaho County,1.021
16051,ID,Jefferson County,0.908
16053,ID,Jerome County,1.056
16055,ID,Kootenai County,1.006
16057,ID,Latah County,0.88
16059,ID,Lemhi County,0.831
16061,ID,Lewis County,0.811
16063,ID,Lincoln County,0.676
16065,ID,Madison County,0.938
16067,ID,Minidoka County,1.238
16069,ID,Nez Perce County,0.897
16071,ID,Oneida County,0.8
16073,ID,Owyhee County,0.982
16075,ID,Payette County,0.95
16077,ID,Power County,0.815
16079,ID,Shoshone County,1.407
16081,ID,Teton County,0.789
16083,ID,Twin Falls County,1.198
16085,ID,Valley County,0.716
16087,ID,Washington County,1.108
17001,IL,Adams County,0.698
17003,IL,Alexander County,1.109
17005,IL,Bond County,1.184
17007,IL,Boone County,1.119
17009,IL,Brown County,1.073
17011,IL,Bureau County,1.182
17013,IL,Calhoun County,1.03
17015,IL,Carroll County,0.925
17017,IL,Cass County,1.29
17019,IL,Champaign County,0.882
17021,IL,Christian County,1.03
17023,IL,Clark County,0.852
17025,IL,Clay County,1.168
17027,IL,Clinton County,0.888
17029,IL,Coles County,1.24
17031,IL,Cook County,0.836
17033,IL,Crawford County,1.052
17035,IL,Cumberland County,1.213
17037,IL,DeKalb County,0.857
17039,IL,De Witt County,1.039
17041,IL,Douglas County,1.69
17043,IL,DuPage County,0.756
17045,IL,Edgar County,1.085
17047,IL,Edwards County,1.06
17049,IL,Effingham County,0.83
17051,IL,Fayette County,0.97
17053,IL,Ford County,0.804
17055,IL,Franklin County,0.943
17057,IL,Fulton County,0.82
17059,IL,Gallatin County,0.846
17061,IL,Greene County,1.353
17063,IL,Grundy County,0.9
17065,IL,Hamilton County,0.954
17067,IL,Hancock County,1.022
17069,IL,Hardin County,0.877
17071,IL,Henderson County,1.129
17073,IL,Henry County,1.034
17075,IL,Iroquois County,0.904
17077,IL,Jackson County,0.984
17079,IL,Jasper County,0.876
17081,IL,Jefferson County,1.219
17083,IL,Jersey County,1.143
17085,IL,Jo Daviess County,0.937
17087,IL,Johnson County,1.325
17089,IL,Kane County,0.889
17091,IL,Kankakee County,1.536
17093,IL,Kendall County,0.757
17095,IL,Knox County,1.666
17097,IL,Lake County,0.857
17099,IL,La Salle County,0.872
17101,IL,Lawrence County,1.118
17103,IL,Lee County,1.064
17105,IL,Livingston County,1.121
17107,IL,Logan County,1.082
17109,IL,McDonough County,1.507
17111,IL,McHenry County,1.097
17113,IL,McLean County,0.931
17115,IL,Macon County,1.032
17117,IL,Macoupin County,1.179
17119,IL,Madison County,0.906
17121,IL,Marion County,1.09
17123,IL,Marshall County,0.888
17125,IL,Mason County,0.927
17127,IL,Massac County,1.328
17129,IL,Menard County,1.076
17131,IL,Mercer County,1.565
17133,IL,Monroe County,0.958
17135,IL,Montgomery County,0.97
17137,IL,Morgan County,1.133
17139,IL,Moultrie County,1.153
17141,IL,Ogle County,1.058
17143,IL,Peoria County,0.897
17145,IL,Perry County,1.213
17147,IL,Piatt County,0.849
17149,IL,Pike County,0.99
17151,IL,Pope County,0.686
17153,IL,Pulaski County,1.101
17155,IL,Putnam County,0.994
17157,IL,Randolph County,1.009
17159,IL,Richland County,1.033
17161,IL,Rock Island County,1.126
17163,IL,St. Clair County,0.803
17165,IL,Saline County,1.24
17167,IL,Sangamon County,0.912
17169,IL,Schuyler County,1.068
17171,IL,Scott County,0.997
17173,IL,Shelby County,1.05
17175,IL,Stark County,0.91
17177,IL,Stephenson County,1.194
17179,IL,Tazewell County,0.853
17181,IL,Union County,0.848
17183,IL,Vermilion County,1.055
17185,IL,Wabash County,0.903
17187,IL,Warren County,1.199
17189,IL,Washington County,0.903
17191,IL,Wayne County,0.891
17193,IL,White County,0.986
17195,IL,Whiteside County,1.555
17197,IL,Will County,0.865
17199,IL,Williamson County,0.948
17201,IL,Winnebago County,1.253
17203,IL,Woodford County,0.852
18001,IN,Adams County,1.143
18003,IN,Allen County,1.175
18005,IN,Bartholomew County,0.812
18007,IN,Benton County,0.807
18009,IN,Blackford County,1.716
18011,IN,Boone County,1.026
18013,IN,Brown County,0.957
18015,IN,Carroll County,0.982
18017,IN,Cass County,1.177
18019,IN,Clark County,0.986
18021,IN,Clay County,1.036
18023,IN,Clinton County,0.954
18025,IN,Crawford County,1.098
18027,IN,Daviess County,1.324
18029,IN,Dearborn County,0.973
18031,IN,Decatur County,1.079
18033,IN,DeKalb County,0.982
18035,IN,Delaware County,1.191
18037,IN,Dubois County,1.101
18039,IN,Elkhart County,0.812
18041,IN,Fayette County,1.39
18043,IN,Floyd County,0.987
18045,IN,Fountain County,1.178
18047,IN,Franklin County,0.944
18049,IN,Fulton County,1.176
18051,IN,Gibson County,0.926
18053,IN,Grant County,1.058
18055,IN,Greene County,1.949
18057,IN,Hamilton County,1.109
18059,IN,Hancock County,1.037
18061,IN,Harrison County,1.411
18063,IN,Hendricks County,0.804
18065,IN,Henry County,1.08
18067,IN,Howard County,1.039
18069,IN,Huntington County,1.022
18071,IN,Jackson County,1.183
18073,IN,Jasper County,0.867
18075,IN,Jay County,1.049
18077,IN,Jefferson County,1.076
18079,IN,Jennings County,1.395
18081,IN,Johnson County,0.893
18083,IN,Knox County,1.204
18085,IN,Kosciusko County,1.155
18087,IN,LaGrange County,1.107
18089,IN,Lake County,1.022
18091,IN,LaPorte County,1.006
18093,IN,Lawrence County,1.024
18095,IN,Madison County,0.979
18097,IN,Marion County,0.964
18099,IN,Marshall County,1.077
18101,IN,Martin County,1.026
18103,IN,Miami County,1.247
18105,IN,Monroe County,0.93
18107,IN,Montgomery County,1.22
18109,IN,Morgan County,0.984
18111,IN,Newton County,1.022
18113,IN,Noble County,1.195
18115,IN,Ohio County,0.894
18117,IN,Orange County,1.029
18119,IN,Owen County,0.901
18121,IN,Parke County,1.023
18123,IN,Perry County,1.05
18125,IN,Pike County,1.423
18127,IN,Porter County,1.145
18129,IN,Posey County,0.906
18131,IN,Pulaski County,1.193
18133,IN,Putnam County,0.907
18135,IN,Randolph County,1.178
18137,IN,Ripley County,1.055
18139,IN,Rush County,1.113
18141,IN,St. Joseph County,0.867
18143,IN,Scott County,1.228
18145,IN,Shelby County,1.133
18147,IN,Spencer County,0.953
18149,IN,Starke County,1.156
18151,IN,Steuben County,0.976
18153,IN,Sullivan County,0.969
18155,IN,Switzerland County,1.205
18157,IN,Tippecanoe County,1.123
18159,IN,Tipton County,0.965
18161,IN,Union County,1
18163,IN,Vanderburgh County,0.916
18165,IN,Vermillion County,0.972
18167,IN,Vigo County,1.014
18169,IN,Wabash County,1.195
18171,IN,Warren County,1.277
18173,IN,Warrick County,0.875
18175,IN,Washington County,0.937
18177,IN,Wayne County,1.192
18179,IN,Wells County,1.081
18181,IN,White County,1.226
18183,IN,Whitley County,1.113
19001,IA,Adair County,1.014
19003,IA,Adams County,1.069
19005,IA,Allamakee County,0.817
19007,IA,Appanoose County,1.024
19009,IA,Audubon County,1.268
19011,IA,Benton County,1.063
19013,IA,Black Hawk County,1.143
19015,IA,Boone County,1.269
19017,IA,Bremer County,1.148
19019,IA,Buchanan County,1.096
19021,IA,Buena Vista County,1.101
19023,IA,Butler County,1.085
19025,IA,Calhoun County,1.29
19027,IA,Carroll County,1.061
19029,IA,Cass County,1.316
19031,IA,Cedar County,1.103
19033,IA,Cerro Gordo County,1.178
19035,IA,Cherokee County,1.224
19037,IA,Chickasaw County,1.011
19039,IA,Clarke County,1.012
19041,IA,Clay County,1.078
19043,IA,Clayton County,1.053
19045,IA,Clinton County,1.173
19047,IA,Crawford County,1.746
19049,IA,Dallas County,1.021
19051,IA,Davis County,0.882
19053,IA,Decatur County,1.197
19055,IA,Delaware County,1.074
19057,IA,Des Moines County,1.226
19059,IA,Dickinson County,1.172
19061,IA,Dubuque County,1.023
19063,IA,Emmet County,0.952
19065,IA,Fayette County,1.091
19067,IA,Floyd County,1.042
19069,IA,Franklin County,1.102
19071,IA,Fremont County,1.035
19073,IA,Greene County,1.265
19075,IA,Grundy County,1.065
19077,IA,Guthrie County,1.049
19079,IA,Hamilton County,1.118
19081,IA,Hancock County,1.107
19083,IA,Hardin County,1.205
19085,IA,Harrison County,0.965
19087,IA,Henry County,1.09
19089,IA,Howard County,1.095
19091,IA,Humboldt County,1.155
19093,IA,Ida County,1.172
19095,IA,Iowa County,1.167
19097,IA,Jackson County,1.14
19099,IA,Jasper County,0.927
19101,IA,Jefferson County,1.474
19103,IA,Johnson County,0.959
19105,IA,Jones County,1.067
19107,IA,Keokuk County,1.072
19109,IA,Kossuth County,0.976
19111,IA,Lee County,1.375
19113,IA,Linn County,1.016
19115,IA,Louisa County,1.098
19117,IA,Lucas County,1.15
19119,IA,Lyon County,1.227
19121,IA,Madison County,0.933
19123,IA,Mahaska County,1.227
19125,IA,Marion County,1.114
19127,IA,Marshall County,1.427
19129,IA,Mills County,0.974
19131,IA,Mitchell County,1.085
19133,IA,Monona County,1.146
19135,IA,Monroe County,0.98
19137,IA,Montgomery County,1.126
19139,IA,Muscatine County,1.115
19141,IA,O'Brien County,1.079
19143,IA,Osceola County,1.017
19145,IA,Page County,1.142
19147,IA,Palo Alto County,1.288
19149,IA,Plymouth County,1.146
19151,IA,Pocahontas County,1.324
19153,IA,Polk County,1.016
19155,IA,Pottawattamie County,1.055
19157,IA,Poweshiek County,1.01
19159,IA,Ringgold County,1.109
19161,IA,Sac County,1.232
19163,IA,Scott County,1.104
19165,IA,Shelby County,1.239
19167,IA,Sioux County,1.374
19169,IA,Story County,0.953
19171,IA,Tama County,1.046
19173,IA,Taylor County,1.128
19175,IA,Union County,0.933
19177,IA,Van Buren County,0.935
19179,IA,Wapello County,1.503
19181,IA,Warren County,1.07
19183,IA,Washington County,0.888
19185,IA,Wayne County,1.023
19187,IA,Webster County,1.11
19189,IA,Winnebago County,1.254
19191,IA,Winneshiek County,1.049
19193,IA,Woodbury County,1.143
19195,IA,Worth County,1.004
19197,IA,Wright County,0.921
20001,KS,Allen County,1.027
20003,KS,Anderson County,1.034
20005,KS,Atchison County,1.038
20007,KS,Barber County,1.047
20009,KS,Barton County,0.844
20011,KS,Bourbon County,0.989
20013,KS,Brown County,1.284
20015,KS,Butler County,0.918
20017,KS,Chase County,0.887
20019,KS,Chautauqua County,0.884
20021,KS,Cherokee County,1.042
20023,KS,Cheyenne County,1.016
20025,KS,Clark County,1.024
20027,KS,Clay County,0.909
20029,KS,Cloud County,1.232
20031,KS,Coffey County,1.216
20033,KS,Comanche County,0.974
20035,KS,Cowley County,1.045
20037,KS,Crawford County,1.022
20039,KS,Decatur County,0.983
20041,KS,Dickinson County,1.038
20043,KS,Doniphan County,1.437
20045,KS,Douglas County,0.984
20047,KS,Edwards County,0.912
20049,KS,Elk County,1.276
20051,KS,Ellis County,1.163
20053,KS,Ellsworth County,1.088
20055,KS,Finney County,0.907
20057,KS,Ford County,1.058
20059,KS,Franklin County,0.938
20061,KS,Geary County,0.996
20063,KS,Gove County,0.877
20065,KS,Graham County,1.156
20067,KS,Grant County,1.134
20069,KS,Gray County,0.945
20071,KS,Greeley County,0.936
20073,KS,Greenwood County,0.864
20075,KS,Hamilton County,0.834
20077,KS,Harper County,1.182
20079,KS,Harvey County,0.985
20081,KS,Haskell County,1.218
20083,KS,Hodgeman County,0.997
20085,KS,Jackson County,1.208
20087,KS,Jefferson County,0.807
20089,KS,Jewell County,1.702
20091,KS,Johnson County,0.748
20093,KS,Kearny County,1.134
20095,KS,Kingman County,1.055
20097,KS,Kiowa County,0.916
20099,KS,Labette County,1.182
20101,KS,Lane County,1.34
20103,KS,Leavenworth County,0.944
20105,KS,Lincoln County,0.968
20107,KS,Linn County,0.945
20109,KS,Logan County,1.02
20111,KS,Lyon County,1.185
20113,KS,McPherson County,1.109
20115,KS,Marion County,1.087
20117,KS,Marshall County,1.119
20119,KS,Meade County,1.34
20121,KS,Miami County,0.846
20123,KS,Mitchell County,0.9
20125,KS,Montgomery County,1.221
20127,KS,Morris County,0.912
20129,KS,Morton County,1.259
20131,KS,Nemaha County,0.913
20133,KS,Neosho County,1.045
20135,KS,Ness County,1.033
20137,KS,Norton County,1.045
20139,KS,Osage County,1.121
20141,KS,Osborne County,1.116
20143,KS,Ottawa County,0.959
20145,KS,Pawnee County,1.013
20147,KS,Phillips County,1.233
20149,KS,Pottawatomie County,0.981
20151,KS,Pratt County,1.106
20153,KS,Rawlins County,0.973
20155,KS,Reno County,1.11
20157,KS,Republic County,1.035
20159,KS,Rice County,1.199
20161,KS,Riley County,0.959
20163,KS,Rooks County,1.063
20165,KS,Rush County,0.898
20167,KS,Russell County,1.148
20169,KS,Saline County,1.241
20171,KS,Scott County,1.156
20173,KS,Sedgwick County,0.853
20175,KS,Seward County,1.162
20177,KS,Shawnee County,1.193
20179,KS,Sheridan County,0.878
20181,KS,Sherman County,0.957
20183,KS,Smith County,0.993
20185,KS,Stafford County,1.051
20187,KS,Stanton County,0.998
20189,KS,Stevens County,1.072
20191,KS,Sumner County,1.173
20193,KS,Thomas County,1.242
20195,KS,Trego County,1.156
20197,KS,Wabaunsee County,1.198
20199,KS,Wallace County,0.941
20201,KS,Washington County,0.986
20203,KS,Wichita County,0.929
20205,KS,Wilson County,0.907
20207,KS,Woodson County,0.889
20209,KS,Wyandotte County,0.749
21001,KY,Adair County,0.956
21003,KY,Allen County,1.101
21005,KY,Anderson County,0.939
21007,KY,Ballard County,0.811
21009,KY,Barren County,0.933
21011,KY,Bath County,0.571
21013,KY,Bell County,1.656
21015,KY,Boone County,0.837
21017,KY,Bourbon County,0.954
21019,KY,Boyd County,1.095
21021,KY,Boyle County,1.103
21023,KY,Bracken County,0.611
21025,KY,Breathitt County,1.11
21027,KY,Breckinridge County,1.256
21029,KY,Bullitt County,0.83
21031,KY,Butler County,1.051
21033,KY,Caldwell County,1.024
21035,KY,Calloway County,1.404
21037,KY,Campbell County,0.87
21039,KY,Carlisle County,0.924
21041,KY,Carroll County,0.813
21043,KY,Carter County,0.724
21045,KY,Casey County,0.878
21047,KY,Christian County,1.09
21049,KY,Clark County,0.551
21051,KY,Clay County,0.715
21053,KY,Clinton County,1.024
21055,KY,Crittenden County,0.803
21057,KY,Cumberland County,1.131
21059,KY,Daviess County,0.815
21061,KY,Edmonson County,0.628
21063,KY,Elliott County,0.714
21065,KY,Estill County,1.34
21067,KY,Fayette County,0.792
21069,KY,Fleming County,0.746
21071,KY,Floyd County,1.244
21073,KY,Franklin County,0.684
21075,KY,Fulton County,1.009
21077,KY,Gallatin County,0.973
21079,KY,Garrard County,0.963
21081,KY,Grant County,0.945
21083,KY,Graves County,0.796
21085,KY,Grayson County,0.875
21087,KY,Green County,1.074
21089,KY,Greenup County,1.131
21091,KY,Hancock County,1.101
21093,KY,Hardin County,0.559
21095,KY,Harlan County,1.114
21097,KY,Harrison County,0.843
21099,KY,Hart County,1.074
21101,KY,Henderson County,1.023
21103,KY,Henry County,0.937
21105,KY,Hickman County,1.016
21107,KY,Hopkins County,0.734
21109,KY,Jackson County,1.286
21111,KY,Jefferson County,1.032
21113,KY,Jessamine County,0.71
21115,KY,Johnson County,1.457
21117,KY,Kenton County,0.577
21119,KY,Knott County,0.639
21121,KY,Knox County,1.023
21123,KY,Larue County,0.829
21125,KY,Laurel County,0.766
21127,KY,Lawrence County,0.617
21129,KY,Lee County,0.706
21131,KY,Leslie County,0.632
21133,KY,Letcher County,0.765
21135,KY,Lewis County,0.918
21137,KY,Lincoln County,1.036
21139,KY,Livingston County,0.991
21141,KY,Logan County,1.097
21143,KY,Lyon County,1.12
21145,KY,McCracken County,0.599
21147,KY,McCreary County,1.135
21149,KY,McLean County,1.153
21151,KY,Madison County,0.582
21153,KY,Magoffin County,1.002
21155,KY,Marion County,1.324
21157,KY,Marshall County,0.794
21159,KY,Martin County,1.097
21161,KY,Mason County,1.302
21163,KY,Meade County,0.808
21165,KY,Menifee County,1.178
21167,KY,Mercer County,0.753
21169,KY,Metcalfe County,0.925
21171,KY,Monroe County,1.025
21173,KY,Montgomery County,0.817
21175,KY,Morgan County,0.988
21177,KY,Muhlenberg County,1.272
21179,KY,Nelson County,0.818
21181,KY,Nicholas County,0.908
21183,KY,Ohio County,2.007
21185,KY,Oldham County,0.907
21187,KY,Owen County,0.706
21189,KY,Owsley County,1.229
21191,KY,Pendleton County,0.661
21193,KY,Perry County,0.788
21195,KY,Pike County,0.941
21197,KY,Powell County,0.923
21199,KY,Pulaski County,0.932
21201,KY,Robertson County,0.912
21203,KY,Rockcastle County,0.936
21205,KY,Rowan County,0.883
21207,KY,Russell County,1.414
21209,KY,Scott County,1.15
21211,KY,Shelby County,0.908
21213,KY,Simpson County,1.431
21215,KY,Spencer County,0.853
21217,KY,Taylor County,0.955
21219,KY,Todd County,1.104
21221,KY,Trigg County,1.046
21223,KY,Trimble County,0.932
21225,KY,Union County,1.122
21227,KY,Warren County,1.007
21229,KY,Washington County,0.842
21231,KY,Wayne County,0.976
21233,KY,Webster County,0.873
21235,KY,Whitley County,0.631
21237,KY,Wolfe County,1.397
21239,KY,Woodford County,0.863
22001,LA,Acadia Parish,0.909
22003,LA,Allen Parish,1.498
22005,LA,Ascension Parish,0.823
22007,LA,Assumption Parish,0.7
22009,LA,Avoyelles Parish,1.075
22011,LA,Beauregard Parish,0.693
22013,LA,Bienville Parish,1.084
22015,LA,Bossier Parish,0.818
22017,LA,Caddo Parish,1.021
22019,LA,Calcasieu Parish,0.709
22021,LA,Caldwell Parish,0.977
22023,LA,Cameron Parish,0.823
22025,LA,Catahoula Parish,0.567
22027,LA,Claiborne Parish,0.762
22029,LA,Concordia Parish,0.944
22031,LA,De Soto Parish,1.164
22033,LA,East Baton Rouge Parish,0.453
22035,LA,East Carroll Parish,1.013
22037,LA,East Feliciana Parish,0.629
22039,LA,Evangeline Parish,0.715
22041,LA,Franklin Parish,0.844
22043,LA,Grant Parish,0.835
22045,LA,Iberia Parish,0.88
22047,LA,Iberville Parish,0.753
22049,LA,Jackson Parish,1.069
22051,LA,Jefferson Parish,0.851
22053,LA,Jefferson Davis Parish,1.216
22055,LA,Lafayette Parish,0.974
22057,LA,Lafourche Parish,0.748
22059,LA,La Salle Parish,0.89
22061,LA,Lincoln Parish,1.23
22063,LA,Livingston Parish,0.528
22065,LA,Madison Parish,0.708
22067,LA,Morehouse Parish,0.77
22069,LA,Natchitoches Parish,1.012
22071,LA,Orleans Parish,0.758
22073,LA,Ouachita Parish,1.031
22075,LA,Plaquemines Parish,0.75
22077,LA,Pointe Coupee Parish,0.831
22079,LA,Rapides Parish,0.726
22081,LA,Red River Parish,0.747
22083,LA,Richland Parish,0.864
22085,LA,Sabine Parish,0.832
22087,LA,St. Bernard Parish,1.22
22089,LA,St. Charles Parish,0.701
22091,LA,St. Helena Parish,1.017
22093,LA,St. James Parish,0.914
22095,LA,St. John the Baptist Parish,0.64
22097,LA,St. Landry Parish,0.986
22099,LA,St. Martin Parish,0.778
22101,LA,St. Mary Parish,1.394
22103,LA,St. Tammany Parish,0.836
22105,LA,Tangipahoa Parish,0.508
22107,LA,Tensas Parish,0.965
22109,LA,Terrebonne Parish,0.867
22111,LA,Union Parish,0.993
22113,LA,Vermilion Parish,0.923
22115,LA,Vernon Parish,0.735
22117,LA,Washington Parish,0.624
22119,LA,Webster Parish,1.277
22121,LA,West Baton Rouge Parish,0.712
22123,LA,West Carroll Parish,1.399
22125,LA,West Feliciana Parish,0.686
22127,LA,Winn Parish,1.106
23001,ME,Androscoggin County,0.805
23003,ME,Aroostook County,1.443
23005,ME,Cumberland County,0.728
23007,ME,Franklin County,1.08
23009,ME,Hancock County,0.949
23011,ME,Kennebec County,1.08
23013,ME,Knox County,1.006
23015,ME,Lincoln County,0.817
23017,ME,Oxford County,0.965
23019,ME,Penobscot County,0.744
23021,ME,Piscataquis County,1.179
23023,ME,Sagadahoc County,0.718
23025,ME,Somerset County,0.991
23027,ME,Waldo County,0.721
23029,ME,Washington County,1.182
23031,ME,York County,0.762
24001,MD,Allegany County,1.952
24003,MD,Anne Arundel County,1.094
24005,MD,Baltimore County,1.648
24009,MD,Calvert County,0.838
24011,MD,Caroline County,1.808
24013,MD,Carroll County,1.177
24015,MD,Cecil County,1.49
24017,MD,Charles County,0.818
24019,MD,Dorchester County,1.869
24021,MD,Frederick County,0.811
24023,MD,Garrett County,1.788
24025,MD,Harford County,1.801
24027,MD,Howard County,0.865
24029,MD,Kent County,1.974
24031,MD,Montgomery County,1.031
24033,MD,Prince George's County,1.387
24035,MD,Queen Anne's County,1.279
24037,MD,St. Mary's County,0.647
24039,MD,Somerset County,1.451
24041,MD,Talbot County,1.069
24043,MD,Washington County,1.035
24045,MD,Wicomico County,1.221
24047,MD,Worcester County,0.98
24510,MD,Baltimore city,1.298
25001,MA,Barnstable County,0.805
25003,MA,Berkshire County,1.047
25005,MA,Bristol County,1.183
25007,MA,Dukes County,0.9
25009,MA,Essex County,0.862
25011,MA,Franklin County,0.891
25013,MA,Hampden County,1.26
25015,MA,Hampshire County,1.527
25017,MA,Middlesex County,1.086
25019,MA,Nantucket County,1.114
25021,MA,Norfolk County,0.939
25023,MA,Plymouth County,0.851
25025,MA,Suffolk County,0.893
25027,MA,Worcester County,0.59
26001,MI,Alcona County,0.953
26003,MI,Alger County,1.098
26005,MI,Allegan County,0.85
26007,MI,Alpena County,1.141
26009,MI,Antrim County,0.817
26011,MI,Arenac County,0.956
26013,MI,Baraga County,1.172
26015,MI,Barry County,0.941
26017,MI,Bay County,1.174
26019,MI,Benzie County,0.975
26021,MI,Berrien County,0.916
26023,MI,Branch County,1
26025,MI,Calhoun County,1.044
26027,MI,Cass County,1.059
26029,MI,Charlevoix County,0.861
26031,MI,Cheboygan County,0.933
26033,MI,Chippewa County,0.801
26035,MI,Clare County,1.393
26037,MI,Clinton County,0.849
26039,MI,Crawford County,0.973
26041,MI,Delta County,1.069
26043,MI,Dickinson County,1.251
26045,MI,Eaton County,1.028
26047,MI,Emmet County,0.925
26049,MI,Genesee County,0.882
26051,MI,Gladwin County,0.889
26053,MI,Gogebic County,1.245
26055,MI,Grand Traverse County,0.854
26057,MI,Gratiot County,1.025
26059,MI,Hillsdale County,1.086
26061,MI,Houghton County,0.933
26063,MI,Huron County,1.236
26065,MI,Ingham County,0.942
26067,MI,Ionia County,0.757
26069,MI,Iosco County,0.956
26071,MI,Iron County,0.996
26073,MI,Isabella County,1.085
26075,MI,Jackson County,1.175
26077,MI,Kalamazoo County,0.782
26079,MI,Kalkaska County,1.223
26081,MI,Kent County,0.84
26083,MI,Keweenaw County,0.727
26085,MI,Lake County,1.207
26087,MI,Lapeer County,1.192
26089,MI,Leelanau County,0.768
26091,MI,Lenawee County,1.588
26093,MI,Livingston County,0.771
26095,MI,Luce County,0.897
26097,MI,Mackinac County,1.265
26099,MI,Macomb County,0.868
26101,MI,Manistee County,1.108
26103,MI,Marquette County,0.963
26105,MI,Mason County,0.952
26107,MI,Mecosta County,0.978
26109,MI,Menominee County,1.221
26111,MI,Midland County,0.793
26113,MI,Missaukee County,1.251
26115,MI,Monroe County,0.856
26117,MI,Montcalm County,0.779
26119,MI,Montmorency County,0.991
26121,MI,Muskegon County,0.924
26123,MI,Newaygo County,1.705
26125,MI,Oakland County,0.73
26127,MI,Oceana County,0.813
26129,MI,Ogemaw County,0.902
26131,MI,Ontonagon County,0.813
26133,MI,Osceola County,0.831
26135,MI,Oscoda County,1.034
26137,MI,Otsego County,1.306
26139,MI,Ottawa County,0.775
26141,MI,Presque Isle County,0.84
26143,MI,Roscommon County,1.018
26145,MI,Saginaw County,1.149
26147,MI,St. Clair County,0.874
26149,MI,St. Joseph County,0.953
26151,MI,Sanilac County,0.99
26153,MI,Schoolcraft County,1.035
26155,MI,Shiawassee County,0.963
26157,MI,Tuscola County,1.119
26159,MI,Van Buren County,1.64
26161,MI,Washtenaw County,0.751
26163,MI,Wayne County,0.844
26165,MI,Wexford County,1.013
27001,MN,Aitkin County,1.363
27003,MN,Anoka County,0.829
27005,MN,Becker County,0.938
27007,MN,Beltrami County,1.061
27009,MN,Benton County,1.007
27011,MN,Big Stone County,1.201
27013,MN,Blue Earth County,1.033
27015,MN,Brown County,1.199
27017,MN,Carlton County,1.608
27019,MN,Carver County,0.682
27021,MN,Cass County,1.059
27023,MN,Chippewa County,1.512
27025,MN,Chisago County,1.043
27027,MN,Clay County,0.918
27029,MN,Clearwater County,1.001
27031,MN,Cook County,0.929
27033,MN,Cottonwood County,1.101
27035,MN,Crow Wing County,1.517
27037,MN,Dakota County,0.994
27039,MN,Dodge County,1.004
27041,MN,Douglas County,1.062
27043,MN,Faribault County,1.187
27045,MN,Fillmore County,0.843
27047,MN,Freeborn County,1.297
27049,MN,Goodhue County,0.897
27051,MN,Grant County,1.578
27053,MN,Hennepin County,0.901
27055,MN,Houston County,0.9
27057,MN,Hubbard County,1.266
27059,MN,Isanti County,0.859
27061,MN,Itasca County,1.051
27063,MN,Jackson County,1.108
27065,MN,Kanabec County,1.073
27067,MN,Kandiyohi County,1.135
27069,MN,Kittson County,0.99
27071,MN,Koochiching County,1.079
27073,MN,Lac qui Parle County,1.103
27075,MN,Lake County,0.865
27077,MN,Lake of the Woods County,1.321
27079,MN,Le Sueur County,0.909
27081,MN,Lincoln County,1.13
27083,MN,Lyon County,1.233
27085,MN,McLeod County,0.817
27087,MN,Mahnomen County,1.164
27089,MN,Marshall County,1.02
27091,MN,Martin County,1.199
27093,MN,Meeker County,0.963
27095,MN,Mille Lacs County,0.97
27097,MN,Morrison County,1.067
27099,MN,Mower County,1.088
27101,MN,Murray County,1.308
27103,MN,Nicollet County,0.895
27105,MN,Nobles County,1.084
27107,MN,Norman County,1.505
27109,MN,Olmsted County,0.821
27111,MN,Otter Tail County,1.158
27113,MN,Pennington County,1.017
27115,MN,Pine County,1.014
27117,MN,Pipestone County,1.304
27119,MN,Polk County,1.174
27121,MN,Pope County,1.306
27123,MN,Ramsey County,0.929
27125,MN,Red Lake County,1.054
27127,MN,Redwood County,1.073
27129,MN,Renville County,1.289
27131,MN,Rice County,0.928
27133,MN,Rock County,1.172
27135,MN,Roseau County,1.184
27137,MN,St. Louis County,1.579
27139,MN,Scott County,1.081
27141,MN,Sherburne County,0.959
27143,MN,Sibley County,1.158
27145,MN,Stearns County,1.132
27147,MN,Steele County,1.187
27149,MN,Stevens County,0.996
27151,MN,Swift County,1.044
27153,MN,Todd County,1.024
27155,MN,Traverse County,1.216
27157,MN,Wabasha County,0.784
27159,MN,Wadena County,1.132
27161,MN,Waseca County,1.635
27163,MN,Washington County,0.743
27165,MN,Watonwan County,1.142
27167,MN,Wilkin County,1.262
27169,MN,Winona County,1.391
27171,MN,Wright County,0.905
27173,MN,Yellow Medicine County,0.624
28001,MS,Adams County,1.007
28003,MS,Alcorn County,0.846
28005,MS,Amite County,0.832
28007,MS,Attala County,0.869
28009,MS,Benton County,0.724
28011,MS,Bolivar County,0.853
28013,MS,Calhoun County,1.198
28015,MS,Carroll County,0.825
28017,MS,Chickasaw County,0.967
28019,MS,Choctaw County,0.519
28021,MS,Claiborne County,1.05
28023,MS,Clarke County,0.758
28025,MS,Clay County,0.655
28027,MS,Coahoma County,0.995
28029,MS,Copiah County,0.742
28031,MS,Covington County,1.371
28033,MS,DeSoto County,0.731
28035,MS,Forrest County,0.849
28037,MS,Franklin County,1.019
28039,MS,George County,1.066
28041,MS,Greene County,0.889
28043,MS,Grenada County,1.074
28045,MS,Hancock County,0.938
28047,MS,Harrison County,0.927
28049,MS,Hinds County,0.469
28051,MS,Holmes County,0.628
28053,MS,Humphreys County,0.904
28055,MS,Issaquena County,0.985
28057,MS,Itawamba County,1.201
28059,MS,Jackson County,0.751
28061,MS,Jasper County,0.538
28063,MS,Jefferson County,0.882
28065,MS,Jefferson Davis County,0.958
28067,MS,Jones County,0.669
28069,MS,Kemper County,1.323
28071,MS,Lafayette County,1.214
28073,MS,Lamar County,0.778
28075,MS,Lauderdale County,1.04
28077,MS,Lawrence County,0.882
28079,MS,Leake County,1.181
28081,MS,Lee County,0.63
28083,MS,Leflore County,1.106
28085,MS,Lincoln County,1.139
28087,MS,Lowndes County,1.593
28089,MS,Madison County,0.698
28091,MS,Marion County,0.914
28093,MS,Marshall County,0.979
28095,MS,Monroe County,0.871
28097,MS,Montgomery County,0.882
28099,MS,Neshoba County,0.851
28101,MS,Newton County,0.857
28103,MS,Noxubee County,1.193
28105,MS,Oktibbeha County,0.785
28107,MS,Panola County,1.034
28109,MS,Pearl River County,0.859
28111,MS,Perry County,0.768
28113,MS,Pike County,0.988
28115,MS,Pontotoc County,0.906
28117,MS,Prentiss County,0.722
28119,MS,Quitman County,1.455
28121,MS,Rankin County,0.723
28123,MS,Scott County,0.806
28125,MS,Sharkey County,0.952
28127,MS,Simpson County,1.002
28129,MS,Smith County,0.974
28131,MS,Stone County,0.638
28133,MS,Sunflower County,0.738
28135,MS,Tallahatchie County,1.129
28137,MS,Tate County,0.835
28139,MS,Tippah County,0.894
28141,MS,Tishomingo County,0.772
28143,MS,Tunica County,0.959
28145,MS,Union County,0.796
28147,MS,Walthall County,1.024
28149,MS,Warren County,0.688
28151,MS,Washington County,1.019
28153,MS,Wayne County,1.034
28155,MS,Webster County,0.639
28157,MS,Wilkinson County,0.818
28159,MS,Winston County,0.926
28161,MS,Yalobusha County,0.825
28163,MS,Yazoo County,1.122
29001,MO,Adair County,1.198
29003,MO,Andrew County,0.93
29005,MO,Atchison County,0.848
29007,MO,Audrain County,0.874
29009,MO,Barry County,1.021
29011,MO,Barton County,1.052
29013,MO,Bates County,0.793
29015,MO,Benton County,0.911
29017,MO,Bollinger County,1.167
29019,MO,Boone County,0.928
29021,MO,Buchanan County,0.761
29023,MO,Butler County,0.974
29025,MO,Caldwell County,0.991
29027,MO,Callaway County,1.015
29029,MO,Camden County,1.064
29031,MO,Cape Girardeau County,0.867
29033,MO,Carroll County,0.877
29035,MO,Carter County,1.349
29037,MO,Cass County,0.677
29039,MO,Cedar County,1.035
29041,MO,Chariton County,1.123
29043,MO,Christian County,0.927
29045,MO,Clark County,1.296
29047,MO,Clay County,0.955
29049,MO,Clinton County,1.054
29051,MO,Cole County,1.034
29053,MO,Cooper County,0.799
29055,MO,Crawford County,0
29057,MO,Dade County,0.745
29059,MO,Dallas County,0.915
29061,MO,Daviess County,0.923
29063,MO,DeKalb County,1.171
29065,MO,Dent County,0.893
29067,MO,Douglas County,0.77
29069,MO,Dunklin County,0.766
29071,MO,Franklin County,1.139
29073,MO,Gasconade County,1.038
29075,MO,Gentry County,0.958
29077,MO,Greene County,0.942
29079,MO,Grundy County,1.03
29081,MO,Harrison County,0.858
29083,MO,Henry County,0.961
29085,MO,Hickory County,0.827
29087,MO,Holt County,0.928
29089,MO,Howard County,1.004
29091,MO,Howell County,0.796
29093,MO,Iron County,0.825
29095,MO,Jackson County,0.993
29097,MO,Jasper County,0.996
29099,MO,Jefferson County,1.088
29101,MO,Johnson County,1.081
29103,MO,Knox County,0.83
29105,MO,Laclede County,0.961
29107,MO,Lafayette County,1.001
29109,MO,Lawrence County,0.902
29111,MO,Lewis County,0.872
29113,MO,Lincoln County,1.13
29115,MO,Linn County,0.857
29117,MO,Livingston County,1.001
29119,MO,McDonald County,0.782
29121,MO,Macon County,0.908
29123,MO,Madison County,0.921
29125,MO,Maries County,1.026
29127,MO,Marion County,0.956
29129,MO,Mercer County,1.016
29131,MO,Miller County,0.896
29133,MO,Mississippi County,0.635
29135,MO,Moniteau County,1.072
29137,MO,Monroe County,0.937
29139,MO,Montgomery County,0.895
29141,MO,Morgan County,0.807
29143,MO,New Madrid County,0.765
29145,MO,Newton County,1.006
29147,MO,Nodaway County,0.993
29149,MO,Oregon County,0.679
29151,MO,Osage County,1.107
29153,MO,Ozark County,0.655
29155,MO,Pemiscot County,0.742
29157,MO,Perry County,1.022
29159,MO,Pettis County,0.927
29161,MO,Phelps County,1.039
29163,MO,Pike County,0.947
29165,MO,Platte County,1.238
29167,MO,Polk County,0.866
29169,MO,Pulaski County,0.988
29171,MO,Putnam County,0.853
29173,MO,Ralls County,1.04
29175,MO,Randolph County,0.967
29177,MO,Ray County,1.087
29179,MO,Reynolds County,0.835
29181,MO,Ripley County,0.742
29183,MO,St. Charles County,1.343
29185,MO,St. Clair County,0.861
29186,MO,Ste. Genevieve County,1.284
29187,MO,St. Francois County,1.05
29189,MO,St. Louis County,1.159
29195,MO,Saline County,0.924
29197,MO,Schuyler County,0.793
29199,MO,Scotland County,0.948
29201,MO,Scott County,0.852
29203,MO,Shannon County,0.73
29205,MO,Shelby County,0.954
29207,MO,Stoddard County,0.848
29209,MO,Stone County,0.945
29211,MO,Sullivan County,0.849
29213,MO,Taney County,0.872
29215,MO,Texas County,0.787
29217,MO,Vernon County,0.854
29219,MO,Warren County,1.024
29221,MO,Washington County,0.911
29223,MO,Wayne County,0.693
29225,MO,Webster County,0.959
29227,MO,Worth County,0.938
29229,MO,Wright County,0.725
29510,MO,St. Louis city,0.901
30001,MT,Beaverhead County,1.083
30003,MT,Big Horn County,0.846
30005,MT,Blaine County,0.778
30007,MT,Broadwater County,1.055
30009,MT,Carbon County,1.031
30011,MT,Carter County,0.895
30013,MT,Cascade County,0.971
30015,MT,Chouteau County,0.832
30017,MT,Custer County,1.097
30019,MT,Daniels County,1.125
30021,MT,Dawson County,1.09
30023,MT,Deer Lodge County,0.815
30025,MT,Fallon County,1.416
30027,MT,Fergus County,0.891
30029,MT,Flathead County,0.982
30031,MT,Gallatin County,1.16
30033,MT,Garfield County,0.887
30035,MT,Glacier County,0.765
30037,MT,Golden Valley County,0.708
30039,MT,Granite County,0.87
30041,MT,Hill County,0.996
30043,MT,Jefferson County,1.135
30045,MT,Judith Basin County,0.876
30047,MT,Lake County,0.884
30049,MT,Lewis and Clark County,1.251
30051,MT,Liberty County,0.951
30053,MT,Lincoln County,0.756
30055,MT,McCone County,0.936
30057,MT,Madison County,0.899
30059,MT,Meagher County,0.794
30061,MT,Mineral County,0.789
30063,MT,Missoula County,0.992
30065,MT,Musselshell County,0.832
30067,MT,Park County,1.04
30069,MT,Petroleum County,0.951
30071,MT,Phillips County,0.939
30073,MT,Pondera County,1.006
30075,MT,Powder River County,0.913
30077,MT,Powell County,1.081
30079,MT,Prairie County,0.899
30081,MT,Ravalli County,0.94
30083,MT,Richland County,1.248
30085,MT,Roosevelt County,0.821
30087,MT,Rosebud County,1.086
30089,MT,Sanders County,0.745
30091,MT,Sheridan County,1.052
30093,MT,Silver Bow County,1.051
30095,MT,Stillwater County,1.128
30097,MT,Sweet Grass County,1.042
30099,MT,Teton County,0.981
30101,MT,Toole County,1.007
30103,MT,Treasure County,0.81
30105,MT,Valley County,1.058
30107,MT,Wheatland County,0.756
30109,MT,Wibaux County,0.974
30111,MT,Yellowstone County,1.117
31001,NE,Adams County,1.119
31003,NE,Antelope County,0.957
31005,NE,Arthur County,0.945
31007,NE,Banner County,0.82
31009,NE,Blaine County,0.787
31011,NE,Boone County,1.022
31013,NE,Box Butte County,1.059
31015,NE,Boyd County,0.974
31017,NE,Brown County,0.865
31019,NE,Buffalo County,1.181
31021,NE,Burt County,1.069
31023,NE,Butler County,1.149
31025,NE,Cass County,1.197
31027,NE,Cedar County,1.115
31029,NE,Chase County,0.903
31031,NE,Cherry County,0.932
31033,NE,Cheyenne County,1.05
31035,NE,Clay County,1.084
31037,NE,Colfax County,1.013
31039,NE,Cuming County,1.112
31041,NE,Custer County,0.911
31043,NE,Dakota County,0.937
31045,NE,Dawes County,1.043
31047,NE,Dawson County,0.964
31049,NE,Deuel County,0.809
31051,NE,Dixon County,1.103
31053,NE,Dodge County,1.039
31055,NE,Douglas County,1.079
31057,NE,Dundy County,0.812
31059,NE,Fillmore County,1.261
31061,NE,Franklin County,0.93
31063,NE,Frontier County,0.951
31065,NE,Furnas County,0.974
31067,NE,Gage County,1.165
31069,NE,Garden County,0.808
31071,NE,Garfield County,0.91
31073,NE,Gosper County,1.195
31075,NE,Grant County,0.859
31077,NE,Greeley County,0.908
31079,NE,Hall County,1.036
31081,NE,Hamilton County,1.172
31083,NE,Harlan County,1.02
31085,NE,Hayes County,0.931
31087,NE,Hitchcock County,0.916
31089,NE,Holt County,1.103
31091,NE,Hooker County,0.875
31093,NE,Howard County,1.067
31095,NE,Jefferson County,0.916
31097,NE,Johnson County,1.037
31099,NE,Kearney County,1.153
31101,NE,Keith County,0.958
31103,NE,Keya Paha County,0.848
31105,NE,Kimball County,0.934
31107,NE,Knox County,0.977
31109,NE,Lancaster County,1.086
31111,NE,Lincoln County,1.096
31113,NE,Logan County,0.857
31115,NE,Loup County,0.935
31117,NE,McPherson County,0.968
31119,NE,Madison County,1.074
31121,NE,Merrick County,1.015
31123,NE,Morrill County,0.866
31125,NE,Nance County,0.953
31127,NE,Nemaha County,1.079
31129,NE,Nuckolls County,0.919
31131,NE,Otoe County,1.168
31133,NE,Pawnee County,0.906
31135,NE,Perkins County,1.138
31137,NE,Phelps County,1.141
31139,NE,Pierce County,1.166
31141,NE,Platte County,1.18
31143,NE,Polk County,1.146
31145,NE,Red Willow County,0.936
31147,NE,Richardson County,0.996
31149,NE,Rock County,1.023
31151,NE,Saline County,0.951
31153,NE,Sarpy County,1.197
31155,NE,Saunders County,1.171
31157,NE,Scotts Bluff County,0.923
31159,NE,Seward County,1.239
31161,NE,Sheridan County,0.856
31163,NE,Sherman County,1.027
31165,NE,Sioux County,0.805
31167,NE,Stanton County,1.106
31169,NE,Thayer County,1.045
31171,NE,Thomas County,1.11
31173,NE,Thurston County,0.893
31175,NE,Valley County,1.138
31177,NE,Washington County,1.205
31179,NE,Wayne County,1.145
31181,NE,Webster County,0.961
31183,NE,Wheeler County,0.978
31185,NE,York County,1.158
32001,NV,Churchill County,0.982
32003,NV,Clark County,0.913
32005,NV,Douglas County,0.992
32007,NV,Elko County,1.15
32009,NV,Esmeralda County,0.902
32011,NV,Eureka County,1.108
32013,NV,Humboldt County,1.133
32015,NV,Lander County,1.324
32017,NV,Lincoln County,0.994
32019,NV,Lyon County,0.888
32021,NV,Mineral County,0.722
32023,NV,Nye County,0.907
32027,NV,Pershing County,0.893
32029,NV,Storey County,1.018
32031,NV,Washoe County,0.96
32033,NV,White Pine County,0.995
32510,NV,Carson City,0.961
33001,NH,Belknap County,1.181
33003,NH,Carroll County,1.064
33005,NH,Cheshire County,1.16
33007,NH,Coos County,1.004
33009,NH,Grafton County,1.138
33011,NH,Hillsborough County,1.229
33013,NH,Merrimack County,1.233
33015,NH,Rockingham County,1.326
33017,NH,Strafford County,1.156
33019,NH,Sullivan County,1.135
34001,NJ,Atlantic County,0.956
34003,NJ,Bergen County,1.269
34005,NJ,Burlington County,1.274
34007,NJ,Camden County,1.108
34009,NJ,Cape May County,1.01
34011,NJ,Cumberland County,0.859
34013,NJ,Essex County,1.049
34015,NJ,Gloucester County,1.335
34017,NJ,Hudson County,0.93
34019,NJ,Hunterdon County,1.503
34021,NJ,Mercer County,1.239
34023,NJ,Middlesex County,1.179
34025,NJ,Monmouth County,1.385
34027,NJ,Morris County,1.431
34029,NJ,Ocean County,1.056
34031,NJ,Passaic County,1.046
34033,NJ,Salem County,1.152
34035,NJ,Somerset County,1.41
34037,NJ,Sussex County,1.247
34039,NJ,Union County,1.111
34041,NJ,Warren County,1.206
35001,NM,Bernalillo County,1.015
35003,NM,Catron County,0.792
35005,NM,Chaves County,0.784
35006,NM,Cibola County,0.794
35007,NM,Colfax County,0.769
35009,NM,Curry County,0.763
35011,NM,De Baca County,0.824
35013,NM,Dona Ana County,0.735
35015,NM,Eddy County,1.022
35017,NM,Grant County,0.782
35019,NM,Guadalupe County,0.636
35021,NM,Harding County,0.713
35023,NM,Hidalgo County,0.805
35025,NM,Lea County,0.947
35027,NM,Lincoln County,0.884
35028,NM,Los Alamos County,1.885
35029,NM,Luna County,0.679
35031,NM,McKinley County,0.6
35033,NM,Mora County,0.565
35035,NM,Otero County,0.809
35037,NM,Quay County,0.709
35039,NM,Rio Arriba County,0.796
35041,NM,Roosevelt County,0.803
35043,NM,Sandoval County,0.983
35045,NM,San Juan County,0.814
35047,NM,San Miguel County,0.647
35049,NM,Santa Fe County,1.013
35051,NM,Sierra County,0.646
35053,NM,Socorro County,0.741
35055,NM,Taos County,0.704
35057,NM,Torrance County,0.778
35059,NM,Union County,0.697
35061,NM,Valencia County,0.83
36001,NY,Albany County,1.151
36003,NY,Allegany County,0.945
36005,NY,Bronx County,0.514
36007,NY,Broome County,0.97
36009,NY,Cattaraugus County,0.971
36011,NY,Cayuga County,1.055
36013,NY,Chautauqua County,0.981
36015,NY,Chemung County,0.952
36017,NY,Chenango County,1.002
36019,NY,Clinton County,0.987
36021,NY,Columbia County,1.082
36023,NY,Cortland County,1.062
36025,NY,Delaware County,0.944
36027,NY,Dutchess County,1.13
36029,NY,Erie County,1.044
36031,NY,Essex County,0.985
36033,NY,Franklin County,1
36035,NY,Fulton County,0.943
36037,NY,Genesee County,1.197
36039,NY,Greene County,1.002
36041,NY,Hamilton County,1.013
36043,NY,Herkimer County,0.99
36045,NY,Jefferson County,0.834
36047,NY,Kings County,0.671
36049,NY,Lewis County,0.964
36051,NY,Livingston County,1.015
36053,NY,Madison County,1.099
36055,NY,Monroe County,1.016
36057,NY,Montgomery County,0.916
36059,NY,Nassau County,1.19
36061,NY,New York County,0.96
36063,NY,Niagara County,1.083
36065,NY,Oneida County,1.034
36067,NY,Onondaga County,1.03
36069,NY,Ontario County,1.035
36071,NY,Orange County,1.074
36073,NY,Orleans County,0.897
36075,NY,Oswego County,0.936
36077,NY,Otsego County,0.976
36079,NY,Putnam County,1.076
36081,NY,Queens County,0.725
36083,NY,Rensselaer County,1.092
36085,NY,Richmond County,0.956
36087,NY,Rockland County,0.941
36089,NY,St. Lawrence County,0.942
36091,NY,Saratoga County,1.186
36093,NY,Schenectady County,1.073
36095,NY,Schoharie County,0.965
36097,NY,Schuyler County,1.055
36099,NY,Seneca County,1.078
36101,NY,Steuben County,0.992
36103,NY,Suffolk County,1.04
36105,NY,Sullivan County,1.003
36107,NY,Tioga County,1.075
36109,NY,Tompkins County,0.956
36111,NY,Ulster County,0.926
36113,NY,Warren County,1.015
36115,NY,Washington County,0.93
36117,NY,Wayne County,0.983
36119,NY,Westchester County,1.162
36121,NY,Wyoming County,1.103
36123,NY,Yates County,1.008
37001,NC,Alamance County,0.998
37003,NC,Alexander County,1.009
37005,NC,Alleghany County,0.743
37007,NC,Anson County,0.811
37009,NC,Ashe County,0.807
37011,NC,Avery County,0.714
37013,NC,Beaufort County,0.915
37015,NC,Bertie County,0.822
37017,NC,Bladen County,0.766
37019,NC,Brunswick County,1.013
37021,NC,Buncombe County,0.804
37023,NC,Burke County,0.958
37025,NC,Cabarrus County,1.11
37027,NC,Caldwell County,0.967
37029,NC,Camden County,1.152
37031,NC,Carteret County,0.989
37033,NC,Caswell County,0.998
37035,NC,Catawba County,1.057
37037,NC,Chatham County,1.177
37039,NC,Cherokee County,0.858
37041,NC,Chowan County,0.781
37043,NC,Clay County,0.838
37045,NC,Cleveland County,0.891
37047,NC,Columbus County,0.803
37049,NC,Craven County,0.897
37051,NC,Cumberland County,0.85
37053,NC,Currituck County,1.007
37055,NC,Dare County,0.895
37057,NC,Davidson County,1.015
37059,NC,Davie County,1.098
37061,NC,Duplin County,0.83
37063,NC,Durham County,1.053
37065,NC,Edgecombe County,0.757
37067,NC,Forsyth County,1.039
37069,NC,Franklin County,0.976
37071,NC,Gaston County,0.975
37073,NC,Gates County,0.941
37075,NC,Graham County,0.819
37077,NC,Granville County,1.016
37079,NC,Greene County,0.886
37081,NC,Guilford County,1.02
37083,NC,Halifax County,0.714
37085,NC,Harnett County,0.978
37087,NC,Haywood County,1.006
37089,NC,Henderson County,0.95
37091,NC,Hertford County,0.774
37093,NC,Hoke County,0.877
37095,NC,Hyde County,0.644
37097,NC,Iredell County,1.044
37099,NC,Jackson County,0.961
37101,NC,Johnston County,0.998
37103,NC,Jones County,0.762
37105,NC,Lee County,0.925
37107,NC,Lenoir County,0.787
37109,NC,Lincoln County,1.066
37111,NC,McDowell County,0.911
37113,NC,Macon County,0.888
37115,NC,Madison County,0.922
37117,NC,Martin County,0.714
37119,NC,Mecklenburg County,1.083
37121,NC,Mitchell County,1.026
37123,NC,Montgomery County,0.909
37125,NC,Moore County,1.082
37127,NC,Nash County,0.986
37129,NC,New Hanover County,1.029
37131,NC,Northampton County,0.674
37133,NC,Onslow County,0.831
37135,NC,Orange County,1.296
37137,NC,Pamlico County,0.902
37139,NC,Pasquotank County,1.002
37141,NC,Pender County,1.002
37143,NC,Perquimans County,0.949
37145,NC,Person County,1.07
37147,NC,Pitt County,0.944
37149,NC,Polk County,0.869
37151,NC,Randolph County,0.934
37153,NC,Richmond County,0.743
37155,NC,Robeson County,0.746
37157,NC,Rockingham County,0.977
37159,NC,Rowan County,0.929
37161,NC,Rutherford County,0.877
37163,NC,Sampson County,0.832
37165,NC,Scotland County,0.768
37167,NC,Stanly County,1.038
37169,NC,Stokes County,0.976
37171,NC,Surry County,1.036
37173,NC,Swain County,0.837
37175,NC,Transylvania County,0.929
37177,NC,Tyrrell County,0.753
37179,NC,Union County,1.245
37181,NC,Vance County,0.825
37183,NC,Wake County,1.264
37185,NC,Warren County,0.845
37187,NC,Washington County,0.738
37189,NC,Watauga County,1.066
37191,NC,Wayne County,0.88
37193,NC,Wilkes County,0.948
37195,NC,Wilson County,0.937
37197,NC,Yadkin County,0.986
37199,NC,Yancey County,0.883
38001,ND,Adams County,1.406
38003,ND,Barnes County,1.474
38005,ND,Benson County,0.92
38007,ND,Billings County,1.377
38009,ND,Bottineau County,1.296
38011,ND,Bowman County,1.413
38013,ND,Burke County,1.481
38015,ND,Burleigh County,1.534
38017,ND,Cass County,1.463
38019,ND,Cavalier County,1.345
38021,ND,Dickey County,1.381
38023,ND,Divide County,1.219
38025,ND,Dunn County,1.55
38027,ND,Eddy County,1.363
38029,ND,Emmons County,1.196
38031,ND,Foster County,1.549
38033,ND,Golden Valley County,1.21
38035,ND,Grand Forks County,1.337
38037,ND,Grant County,1.181
38039,ND,Griggs County,1.282
38041,ND,Hettinger County,1.206
38043,ND,Kidder County,1.026
38045,ND,LaMoure County,1.287
38047,ND,Logan County,1.122
38049,ND,McHenry County,1.386
38051,ND,McIntosh County,1.094
38053,ND,McKenzie County,1.237
38055,ND,McLean County,1.363
38057,ND,Mercer County,1.573
38059,ND,Morton County,1.498
38061,ND,Mountrail County,1.392
38063,ND,Nelson County,1.298
38065,ND,Oliver County,1.547
38067,ND,Pembina County,1.303
38069,ND,Pierce County,1.182
38071,ND,Ramsey County,1.436
38073,ND,Ransom County,1.303
38075,ND,Renville County,1.401
38077,ND,Richland County,1.31
38079,ND,Rolette County,0.906
38081,ND,Sargent County,1.318
38083,ND,Sheridan County,1.03
38085,ND,Sioux County,0.731
38087,ND,Slope County,1.079
38089,ND,Stark County,1.472
38091,ND,Steele County,1.417
38093,ND,Stutsman County,1.306
38095,ND,Towner County,1.231
38097,ND,Traill County,1.46
38099,ND,Walsh County,1.178
38101,ND,Ward County,1.361
38103,ND,Wells County,1.27
38105,ND,Williams County,1.527
39001,OH,Adams County,0.808
39003,OH,Allen County,1.052
39005,OH,Ashland County,1.05
39007,OH,Ashtabula County,0.941
39009,OH,Athens County,0.905
39011,OH,Auglaize County,1.225
39013,OH,Belmont County,1.005
39015,OH,Brown County,1.072
39017,OH,Butler County,1.148
39019,OH,Carroll County,1.035
39021,OH,Champaign County,1.158
39023,OH,Clark County,1.042
39025,OH,Clermont County,1.157
39027,OH,Clinton County,1.03
39029,OH,Columbiana County,0.995
39031,OH,Coshocton County,0.896
39033,OH,Crawford County,0.929
39035,OH,Cuyahoga County,1.008
39037,OH,Darke County,1.105
39039,OH,Defiance County,1.166
39041,OH,Delaware County,1.659
39043,OH,Erie County,1.035
39045,OH,Fairfield County,1.172
39047,OH,Fayette County,0.96
39049,OH,Franklin County,1.101
39051,OH,Fulton County,1.21
39053,OH,Gallia County,0.971
39055,OH,Geauga County,1.384
39057,OH,Greene County,1.278
39059,OH,Guernsey County,0.891
39061,OH,Hamilton County,1.139
39063,OH,Hancock County,1.201
39065,OH,Hardin County,1.055
39067,OH,Harrison County,0.893
39069,OH,Henry County,1.19
39071,OH,Highland County,0.922
39073,OH,Hocking County,1.092
39075,OH,Holmes County,1.129
39077,OH,Huron County,1.015
39079,OH,Jackson County,0.871
39081,OH,Jefferson County,0.911
39083,OH,Knox County,1.072
39085,OH,Lake County,1.131
39087,OH,Lawrence County,0.935
39089,OH,Licking County,1.224
39091,OH,Logan County,1.155
39093,OH,Lorain County,1.101
39095,OH,Lucas County,1.002
39097,OH,Madison County,1.256
39099,OH,Mahoning County,0.939
39101,OH,Marion County,0.962
39103,OH,Medina County,1.3
39105,OH,Meigs County,0.87
39107,OH,Mercer County,1.189
39109,OH,Miami County,1.226
39111,OH,Monroe County,0.854
39113,OH,Montgomery County,1.033
39115,OH,Morgan County,0.806
39117,OH,Morrow County,1.037
39119,OH,Muskingum County,0.987
39121,OH,Noble County,0.924
39123,OH,Ottawa County,1.118
39125,OH,Paulding County,1.076
39127,OH,Perry County,1.027
39129,OH,Pickaway County,1.19
39131,OH,Pike County,0.96
39133,OH,Portage County,1.078
39135,OH,Preble County,1.163
39137,OH,Putnam County,1.316
39139,OH,Richland County,1.042
39141,OH,Ross County,1.028
39143,OH,Sandusky County,1.055
39145,OH,Scioto County,0.915
39147,OH,Seneca County,1.023
39149,OH,Shelby County,1.247
39151,OH,Stark County,1.091
39153,OH,Summit County,1.106
39155,OH,Trumbull County,0.914
39157,OH,Tuscarawas County,1.028
39159,OH,Union County,1.414
39161,OH,Van Wert County,1.103
39163,OH,Vinton County,0.952
39165,OH,Warren County,1.336
39167,OH,Washington County,1.029
39169,OH,Wayne County,1.068
39171,OH,Williams County,1.082
39173,OH,Wood County,1.23
39175,OH,Wyandot County,1.091
40001,OK,Adair County,0.696
40003,OK,Alfalfa County,1.099
40005,OK,Atoka County,0.75
40007,OK,Beaver County,0.872
40009,OK,Beckham County,0.934
40011,OK,Blaine County,0.902
40013,OK,Bryan County,0.89
40015,OK,Caddo County,0.943
40017,OK,Canadian County,1.153
40019,OK,Carter County,0.997
40021,OK,Cherokee County,0.885
40023,OK,Choctaw County,0.819
40025,OK,Cimarron County,0.91
40027,OK,Cleveland County,1.101
40029,OK,Coal County,0.865
40031,OK,Comanche County,0.984
40033,OK,Cotton County,0.902
40035,OK,Craig County,0.798
40037,OK,Creek County,0.97
40039,OK,Custer County,1.005
40041,OK,Delaware County,0.816
40043,OK,Dewey County,0.985
40045,OK,Ellis County,0.998
40047,OK,Garfield County,0.989
40049,OK,Garvin County,0.967
40051,OK,Grady County,1.094
40053,OK,Grant County,1.038
40055,OK,Greer County,0.895
40057,OK,Harmon County,0.965
40059,OK,Harper County,0.98
40061,OK,Haskell County,0.9
40063,OK,Hughes County,0.856
40065,OK,Jackson County,0.973
40067,OK,Jefferson County,0.801
40069,OK,Johnston County,0.815
40071,OK,Kay County,0.935
40073,OK,Kingfisher County,1.016
40075,OK,Kiowa County,0.865
40077,OK,Latimer County,0.84
40079,OK,Le Flore County,0.787
40081,OK,Lincoln County,0.992
40083,OK,Logan County,1.166
40085,OK,Love County,0.942
40087,OK,McClain County,1.156
40089,OK,McCurtain County,0.764
40091,OK,McIntosh County,0.834
40093,OK,Major County,0.952
40095,OK,Marshall County,0.827
40097,OK,Mayes County,0.976
40099,OK,Murray County,0.996
40101,OK,Muskogee County,0.932
40103,OK,Noble County,1.004
40105,OK,Nowata County,0.857
40107,OK,Okfuskee County,0.755
40109,OK,Oklahoma County,1.021
40111,OK,Okmulgee County,0.892
40113,OK,Osage County,0.948
40115,OK,Ottawa County,0.804
40117,OK,Pawnee County,0.9
40119,OK,Payne County,0.98
40121,OK,Pittsburg County,0.994
40123,OK,Pontotoc County,1.035
40125,OK,Pottawatomie County,0.99
40127,OK,Pushmataha County,0.768
40129,OK,Roger Mills County,0.952
40131,OK,Rogers County,1.124
40133,OK,Seminole County,0.842
40135,OK,Sequoyah County,0.77
40137,OK,Stephens County,0.953
40139,OK,Texas County,0.927
40141,OK,Tillman County,0.787
40143,OK,Tulsa County,1.04
40145,OK,Wagoner County,1.08
40147,OK,Washington County,1.076
40149,OK,Washita County,1.014
40151,OK,Woods County,1.153
40153,OK,Woodward County,1.126
41001,OR,Baker County,0.858
41003,OR,Benton County,0.978
41005,OR,Clackamas County,1.015
41007,OR,Clatsop County,0.958
41009,OR,Columbia County,0.934
41011,OR,Coos County,0.833
41013,OR,Crook County,0.777
41015,OR,Curry County,0.826
41017,OR,Deschutes County,0.916
41019,OR,Douglas County,0.744
41021,OR,Gilliam County,0.856
41023,OR,Grant County,0.805
41025,OR,Harney County,0.714
41027,OR,Hood River County,0.915
41029,OR,Jackson County,0.838
41031,OR,Jefferson County,0.886
41033,OR,Josephine County,0.716
41035,OR,Klamath County,0.816
41037,OR,Lake County,0.802
41039,OR,Lane County,0.837
41041,OR,Lincoln County,0.763
41043,OR,Linn County,0.871
41045,OR,Malheur County,0.762
41047,OR,Marion County,0.927
41049,OR,Morrow County,0.879
41051,OR,Multnomah County,0.898
41053,OR,Polk County,1.026
41055,OR,Sherman County,0.856
41057,OR,Tillamook County,0.842
41059,OR,Umatilla County,0.941
41061,OR,Union County,0.9
41063,OR,Wallowa County,0.94
41065,OR,Wasco County,0.805
41067,OR,Washington County,0.986
41069,OR,Wheeler County,0.595
41071,OR,Yamhill County,0.862
42001,PA,Adams County,1.097
42003,PA,Allegheny County,1.201
42005,PA,Armstrong County,1.013
42007,PA,Beaver County,1.14
42009,PA,Bedford County,1.047
42011,PA,Berks County,1.084
42013,PA,Blair County,1.077
42015,PA,Bradford County,1.022
42017,PA,Bucks County,1.286
42019,PA,Butler County,1.282
42021,PA,Cambria County,1.06
42023,PA,Cameron County,0.899
42025,PA,Carbon County,1.081
42027,PA,Centre County,1.094
42029,PA,Chester County,1.344
42031,PA,Clarion County,1.008
42033,PA,Clearfield County,0.998
42035,PA,Clinton County,1.037
42037,PA,Columbia County,0.961
42039,PA,Crawford County,1.018
42041,PA,Cumberland County,1.154
42043,PA,Dauphin County,1.032
42045,PA,Delaware County,1.24
42047,PA,Elk County,1.102
42049,PA,Erie County,1.043
42051,PA,Fayette County,1.006
42053,PA,Forest County,0.731
42055,PA,Franklin County,1.081
42057,PA,Fulton County,0.996
42059,PA,Greene County,1.099
42061,PA,Huntingdon County,1.08
42063,PA,Indiana County,1.043
42065,PA,Jefferson County,0.966
42067,PA,Juniata County,1.075
42069,PA,Lackawanna County,1.034
42071,PA,Lancaster County,1.041
42073,PA,Lawrence County,1
42075,PA,Lebanon County,1.031
42077,PA,Lehigh County,1.018
42079,PA,Luzerne County,1.05
42081,PA,Lycoming County,1.051
42083,PA,McKean County,1.006
42085,PA,Mercer County,1.024
42087,PA,Mifflin County,0.93
42089,PA,Monroe County,1.024
42091,PA,Montgomery County,1.284
42093,PA,Montour County,1.124
42095,PA,Northampton County,1.096
42097,PA,Northumberland County,1.059
42099,PA,Perry County,1.082
42101,PA,Philadelphia County,0.767
42103,PA,Pike County,1.018
42105,PA,Potter County,0.894
42107,PA,Schuylkill County,1.089
42109,PA,Snyder County,1.06
42111,PA,Somerset County,1.056
42113,PA,Sullivan County,0.975
42115,PA,Susquehanna County,1.017
42117,PA,Tioga County,0.969
42119,PA,Union County,1.143
42121,PA,Venango County,1.039
42123,PA,Warren County,1.032
42125,PA,Washington County,1.168
42127,PA,Wayne County,1.05
42129,PA,Westmoreland County,1.188
42131,PA,Wyoming County,1.055
42133,PA,York County,1.084
44001,RI,Bristol County,1.397
44003,RI,Kent County,1.23
44005,RI,Newport County,1.048
44007,RI,Providence County,1.055
44009,RI,Washington County,1.307
45001,SC,Abbeville County,0.927
45003,SC,Aiken County,0.986
45005,SC,Allendale County,0.855
45007,SC,Anderson County,1.008
45009,SC,Bamberg County,0.92
45011,SC,Barnwell County,0.907
45013,SC,Beaufort County,1.022
45015,SC,Berkeley County,0.962
45017,SC,Calhoun County,1.034
45019,SC,Charleston County,1.099
45021,SC,Cherokee County,0.876
45023,SC,Chester County,0.935
45025,SC,Chesterfield County,0.879
45027,SC,Clarendon County,0.944
45029,SC,Colleton County,0.776
45031,SC,Darlington County,0.916
45033,SC,Dillon County,0.746
45035,SC,Dorchester County,1.062
45037,SC,Edgefield County,1.062
45039,SC,Fairfield County,0.763
45041,SC,Florence County,0.929
45043,SC,Georgetown County,1.041
45045,SC,Greenville County,1.115
45047,SC,Greenwood County,0.975
45049,SC,Hampton County,0.752
45051,SC,Horry County,0.924
45053,SC,Jasper County,0.811
45055,SC,Kershaw County,0.99
45057,SC,Lancaster County,1.117
45059,SC,Laurens County,0.907
45061,SC,Lee County,0.824
45063,SC,Lexington County,1.081
45065,SC,McCormick County,1.084
45067,SC,Marion County,0.732
45069,SC,Marlboro County,0.775
45071,SC,Newberry County,0.986
45073,SC,Oconee County,1.073
45075,SC,Orangeburg County,0.89
45077,SC,Pickens County,1.002
45079,SC,Richland County,1.065
45081,SC,Saluda County,0.906
45083,SC,Spartanburg County,0.978
45085,SC,Sumter County,0.865
45087,SC,Union County,0.865
45089,SC,Williamsburg County,0.83
45091,SC,York County,1.142
46003,SD,Aurora County,1.124
46005,SD,Beadle County,1.041
46007,SD,Bennett County,0.749
46009,SD,Bon Homme County,1.085
46011,SD,Brookings County,1.325
46013,SD,Brown County,1.349
46015,SD,Brule County,1.032
46017,SD,Buffalo County,0.522
46019,SD,Butte County,0.892
46021,SD,Campbell County,0.991
46023,SD,Charles Mix County,0.924
46025,SD,Clark County,0.994
46027,SD,Clay County,1.371
46029,SD,Codington County,1.153
46031,SD,Corson County,0.628
46033,SD,Custer County,0.958
46035,SD,Davison County,1.119
46037,SD,Day County,0.92
46039,SD,Deuel County,1.069
46041,SD,Dewey County,0.786
46043,SD,Douglas County,1.054
46045,SD,Edmunds County,1.197
46047,SD,Fall River County,0.902
46049,SD,Faulk County,1.23
46051,SD,Grant County,1.131
46053,SD,Gregory County,0.898
46055,SD,Haakon County,0.661
46057,SD,Hamlin County,1.071
46059,SD,Hand County,1.1
46061,SD,Hanson County,1.107
46063,SD,Harding County,0.985
46065,SD,Hughes County,1.387
46067,SD,Hutchinson County,1.14
46069,SD,Hyde County,1.056
46071,SD,Jackson County,0.58
46073,SD,Jerauld County,1.04
46075,SD,Jones County,0.762
46077,SD,Kingsbury County,1.077
46079,SD,Lake County,1.209
46081,SD,Lawrence County,1.052
46083,SD,Lincoln County,1.325
46085,SD,Lyman County,0.912
46087,SD,McCook County,1.141
46089,SD,McPherson County,1.037
46091,SD,Marshall County,1.118
46093,SD,Meade County,1.035
46095,SD,Mellette County,0.605
46097,SD,Miner County,1.018
46099,SD,Minnehaha County,1.248
46101,SD,Moody County,1.16
46102,SD,Oglala Lakota County,0.5
46103,SD,Pennington County,1.041
46105,SD,Perkins County,1.026
46107,SD,Potter County,1.015
46109,SD,Roberts County,0.902
46111,SD,Sanborn County,1.066
46115,SD,Spink County,1.08
46117,SD,Stanley County,1.308
46119,SD,Sully County,1.04
46121,SD,Todd County,0.372
46123,SD,Tripp County,1.014
46125,SD,Turner County,1.117
46127,SD,Union County,1.401
46129,SD,Walworth County,1.093
46135,SD,Yankton County,1.126
46137,SD,Ziebach County,0.583
47001,TN,Anderson County,0.985
47003,TN,Bedford County,0.964
47005,TN,Benton County,0.915
47007,TN,Bledsoe County,0.923
47009,TN,Blount County,1.092
47011,TN,Bradley County,1.003
47013,TN,Campbell County,0.856
47015,TN,Cannon County,1.125
47017,TN,Carroll County,1.036
47019,TN,Carter County,0.912
47021,TN,Cheatham County,1.053
47023,TN,Chester County,1.068
47025,TN,Claiborne County,0.889
47027,TN,Clay County,0.757
47029,TN,Cocke County,0.799
47031,TN,Coffee County,1.062
47033,TN,Crockett County,0.989
47035,TN,Cumberland County,0.985
47037,TN,Davidson County,1.034
47039,TN,Decatur County,0.928
47041,TN,DeKalb County,1.028
47043,TN,Dickson County,1.022
47045,TN,Dyer County,0.984
47047,TN,Fayette County,1.19
47049,TN,Fentress County,0.779
47051,TN,Franklin County,1.065
47053,TN,Gibson County,0.986
47055,TN,Giles County,1.087
47057,TN,Grainger County,0.922
47059,TN,Greene County,0.902
47061,TN,Grundy County,0.898
47063,TN,Hamblen County,0.974
47065,TN,Hamilton County,1.138
47067,TN,Hancock County,0.788
47069,TN,Hardeman County,0.871
47071,TN,Hardin County,0.897
47073,TN,Hawkins County,0.922
47075,TN,Haywood County,0.944
47077,TN,Henderson County,1.012
47079,TN,Henry County,0.934
47081,TN,Hickman County,0.9
47083,TN,Houston County,0.947
47085,TN,Humphreys County,0.957
47087,TN,Jackson County,0.867
47089,TN,Jefferson County,1.03
47091,TN,Johnson County,0.751
47093,TN,Knox County,1.152
47095,TN,Lake County,0.815
47097,TN,Lauderdale County,0.834
47099,TN,Lawrence County,0.942
47101,TN,Lewis County,0.906
47103,TN,Lincoln County,1.047
47105,TN,Loudon County,1.063
47107,TN,McMinn County,0.954
47109,TN,McNairy County,0.891
47111,TN,Macon County,0.93
47113,TN,Madison County,0.948
47115,TN,Marion County,0.973
47117,TN,Marshall County,1.06
47119,TN,Maury County,1.025
47121,TN,Meigs County,1
47123,TN,Monroe County,0.976
47125,TN,Montgomery County,1.047
47127,TN,Moore County,1.17
47129,TN,Morgan County,0.865
47131,TN,Obion County,0.934
47133,TN,Overton County,0.921
47135,TN,Perry County,0.891
47137,TN,Pickett County,0.805
47139,TN,Polk County,0.962
47141,TN,Putnam County,0.971
47143,TN,Rhea County,1.011
47145,TN,Roane County,1.179
47147,TN,Robertson County,1.071
47149,TN,Rutherford County,1.134
47151,TN,Scott County,0.815
47153,TN,Sequatchie County,0.955
47155,TN,Sevier County,0.952
47157,TN,Shelby County,1.052
47159,TN,Smith County,1.058
47161,TN,Stewart County,0.979
47163,TN,Sullivan County,1.014
47165,TN,Sumner County,1.145
47167,TN,Tipton County,1.145
47169,TN,Trousdale County,1.013
47171,TN,Unicoi County,0.882
47173,TN,Union County,0.87
47175,TN,Van Buren County,0.92
47177,TN,Warren County,0.938
47179,TN,Washington County,1.082
47181,TN,Wayne County,0.91
47183,TN,Weakley County,0.975
47185,TN,White County,0.893
47187,TN,Williamson County,1.527
47189,TN,Wilson County,1.218
48001,TX,Anderson County,0.898
48003,TX,Andrews County,1.268
48005,TX,Angelina County,0.977
48007,TX,Aransas County,0.911
48009,TX,Archer County,1.299
48011,TX,Armstrong County,1.2
48013,TX,Atascosa County,0.944
48015,TX,Austin County,1.171
48017,TX,Bailey County,0.996
48019,TX,Bandera County,0.979
48021,TX,Bastrop County,1.025
48023,TX,Baylor County,0.921
48025,TX,Bee County,0.799
48027,TX,Bell County,1.055
48029,TX,Bexar County,1.038
48031,TX,Blanco County,1.085
48033,TX,Borden County,1.484
48035,TX,Bosque County,1.052
48037,TX,Bowie County,1.049
48039,TX,Brazoria County,1.351
48041,TX,Brazos County,1.121
48043,TX,Brewster County,1.114
48045,TX,Briscoe County,0.874
48047,TX,Brooks County,0.546
48049,TX,Brown County,1.01
48051,TX,Burleson County,1.122
48053,TX,Burnet County,1.084
48055,TX,Caldwell County,0.878
48057,TX,Calhoun County,1.155
48059,TX,Callahan County,1.004
48061,TX,Cameron County,0.808
48063,TX,Camp County,0.961
48065,TX,Carson County,1.465
48067,TX,Cass County,0.92
48069,TX,Castro County,0.981
48071,TX,Chambers County,1.49
48073,TX,Cherokee County,0.967
48075,TX,Childress County,1.05
48077,TX,Clay County,1.078
48079,TX,Cochran County,0.947
48081,TX,Coke County,1.079
48083,TX,Coleman County,0.949
48085,TX,Collin County,1.411
48087,TX,Collingsworth County,0.831
48089,TX,Colorado County,1.014
48091,TX,Comal County,1.31
48093,TX,Comanche County,1.005
48095,TX,Concho County,0.972
48097,TX,Cooke County,1.11
48099,TX,Coryell County,0.971
48101,TX,Cottle County,0.674
48103,TX,Crane County,1.198
48105,TX,Crockett County,0.917
48107,TX,Crosby County,0.835
48109,TX,Culberson County,0.689
48111,TX,Dallam County,1.136
48113,TX,Dallas County,0.941
48115,TX,Dawson County,0.929
48117,TX,Deaf Smith County,0.896
48119,TX,Delta County,1.026
48121,TX,Denton County,1.361
48123,TX,DeWitt County,1.127
48125,TX,Dickens County,0.964
48127,TX,Dimmit County,0.564
48129,TX,Donley County,0.868
48131,TX,Duval County,0.835
48133,TX,Eastland County,0.844
48135,TX,Ector County,1.13
48137,TX,Edwards County,0.94
48139,TX,Ellis County,1.173
48141,TX,El Paso County,0.891
48143,TX,Erath County,1.127
48145,TX,Falls County,0.87
48147,TX,Fannin County,1.089
48149,TX,Fayette County,1.121
48151,TX,Fisher County,1.01
48153,TX,Floyd County,0.877
48155,TX,Foard County,0.809
48157,TX,Fort Bend County,1.386
48159,TX,Franklin County,1.063
48161,TX,Freestone County,1.117
48163,TX,Frio County,0.851
48165,TX,Gaines County,1.185
48167,TX,Galveston County,1.282
48169,TX,Garza County,1.096
48171,TX,Gillespie County,1.098
48173,TX,Glasscock County,1.193
48175,TX,Goliad County,1.302
48177,TX,Gonzales County,1.045
48179,TX,Gray County,1.026
48181,TX,Grayson County,1.037
48183,TX,Gregg County,1.015
48185,TX,Grimes County,0.952
48187,TX,Guadalupe County,1.212
48189,TX,Hale County,0.918
48191,TX,Hall County,0.713
48193,TX,Hamilton County,1.1
48195,TX,Hansford County,0.68
48197,TX,Hardeman County,0.871
48199,TX,Hardin County,1.225
48201,TX,Harris County,1.052
48203,TX,Harrison County,1.083
48205,TX,Hartley County,1.047
48207,TX,Haskell County,0.872
48209,TX,Hays County,1.152
48211,TX,Hemphill County,1.279
48213,TX,Henderson County,0.974
48215,TX,Hidalgo County,0.787
48217,TX,Hill County,1.074
48219,TX,Hockley County,0.924
48221,TX,Hood County,1.139
48223,TX,Hopkins County,1.045
48225,TX,Houston County,0.841
48227,TX,Howard County,1.054
48229,TX,Hudspeth County,0.498
48231,TX,Hunt County,0.955
48233,TX,Hutchinson County,1.009
48235,TX,Irion County,1.028
48237,TX,Jack County,1.019
48239,TX,Jackson County,1.156
48241,TX,Jasper County,0.993
48243,TX,Jeff Davis County,0.976
48245,TX,Jefferson County,1.04
48247,TX,Jim Hogg County,0.71
48249,TX,Jim Wells County,0.921
48251,TX,Johnson County,1.033
48253,TX,Jones County,1
48255,TX,Karnes County,1.142
48257,TX,Kaufman County,1.072
48259,TX,Kendall County,1.379
48261,TX,Kenedy County,0.689
48263,TX,Kent County,1.148
48265,TX,Kerr County,1.034
48267,TX,Kimble County,0.926
48269,TX,King County,0.773
48271,TX,Kinney County,0.923
48273,TX,Kleberg County,0.852
48275,TX,Knox County,1.019
48277,TX,Lamar County,0.967
48279,TX,Lamb County,0.925
48281,TX,Lampasas County,1.171
48283,TX,La Salle County,0.943
48285,TX,Lavaca County,1.14
48287,TX,Lee County,0.949
48289,TX,Leon County,0.917
48291,TX,Liberty County,0.932
48293,TX,Limestone County,0.949
48295,TX,Lipscomb County,1.028
48297,TX,Live Oak County,1.126
48299,TX,Llano County,1.007
48301,TX,Loving County,1.56
48303,TX,Lubbock County,1.085
48305,TX,Lynn County,0.878
48307,TX,McCulloch County,0.947
48309,TX,McLennan County,1.047
48311,TX,McMullen County,1.011
48313,TX,Madison County,1.003
48315,TX,Marion County,0.846
48317,TX,Martin County,1.292
48319,TX,Mason County,1.025
48321,TX,Matagorda County,0.953
48323,TX,Maverick County,0.818
48325,TX,Medina County,1.172
48327,TX,Menard County,0.861
48329,TX,Midland County,1.365
48331,TX,Milam County,1.027
48333,TX,Mills County,1.023
48335,TX,Mitchell County,1.268
48337,TX,Montague County,0.956
48339,TX,Montgomery County,1.313
48341,TX,Moore County,0.964
48343,TX,Morris County,0.898
48345,TX,Motley County,1.026
48347,TX,Nacogdoches County,0.994
48349,TX,Navarro County,0.944
48351,TX,Newton County,0.844
48353,TX,Nolan County,0.953
48355,TX,Nueces County,1.031
48357,TX,Ochiltree County,0.998
48359,TX,Oldham County,1.125
48361,TX,Orange County,1.185
48363,TX,Palo Pinto County,0.939
48365,TX,Panola County,1.029
48367,TX,Parker County,1.206
48369,TX,Parmer County,1.053
48371,TX,Pecos County,0.994
48373,TX,Polk County,0.992
48375,TX,Potter County,0.863
48377,TX,Presidio County,0.561
48379,TX,Rains County,1.146
48381,TX,Randall County,1.293
48383,TX,Reagan County,1.263
48385,TX,Real County,0.84
48387,TX,Red River County,0.882
48389,TX,Reeves County,1.012
48391,TX,Refugio County,1.017
48393,TX,Roberts County,1.097
48395,TX,Robertson County,0.975
48397,TX,Rockwall County,1.391
48399,TX,Runnels County,0.905
48401,TX,Rusk County,1.076
48403,TX,Sabine County,0.841
48405,TX,San Augustine County,0.8
48407,TX,San Jacinto County,0.922
48409,TX,San Patricio County,0.914
48411,TX,San Saba County,0.968
48413,TX,Schleicher County,1.043
48415,TX,Scurry County,1.088
48417,TX,Shackelford County,0.881
48419,TX,Shelby County,0.845
48421,TX,Sherman County,1.006
48423,TX,Smith County,1.068
48425,TX,Somervell County,0.971
48427,TX,Starr County,0.592
48429,TX,Stephens County,0.867
48431,TX,Sterling County,1.028
48433,TX,Stonewall County,1.113
48435,TX,Sutton County,0.963
48437,TX,Swisher County,0.776
48439,TX,Tarrant County,1.09
48441,TX,Taylor County,1.032
48443,TX,Terrell County,0.88
48445,TX,Terry County,0.81
48447,TX,Throckmorton County,0.964
48449,TX,Titus County,0.938
48451,TX,Tom Green County,1.074
48453,TX,Travis County,1.229
48455,TX,Trinity County,0.88
48457,TX,Tyler County,1.039
48459,TX,Upshur County,1.041
48461,TX,Upton County,1.201
48463,TX,Uvalde County,0.897
48465,TX,Val Verde County,0.902
48467,TX,Van Zandt County,1.041
48469,TX,Victoria County,1.043
48471,TX,Walker County,1.006
48473,TX,Waller County,1.06
48475,TX,Ward County,1.106
48477,TX,Washington County,1.111
48479,TX,Webb County,0.808
48481,TX,Wharton County,1.01
48483,TX,Wheeler County,0.923
48485,TX,Wichita County,0.997
48487,TX,Wilbarger County,0.913
48489,TX,Willacy County,0.717
48491,TX,Williamson County,1.277
48493,TX,Wilson County,1.297
48495,TX,Winkler County,1.051
48497,TX,Wise County,1.06
48499,TX,Wood County,1.057
48501,TX,Yoakum County,1.127
48503,TX,Young County,1.088
48505,TX,Zapata County,0.725
48507,TX,Zavala County,0.644
49001,UT,Beaver County,0.997
49003,UT,Box Elder County,1.01
49005,UT,Cache County,0.988
49007,UT,Carbon County,0.963
49009,UT,Daggett County,1.373
49011,UT,Davis County,1.218
49013,UT,Duchesne County,1.042
49015,UT,Emery County,1.041
49017,UT,Garfield County,0.977
49019,UT,Grand County,0.899
49021,UT,Iron County,0.916
49023,UT,Juab County,0.972
49025,UT,Kane County,0.994
49027,UT,Millard County,0.997
49029,UT,Morgan County,1.188
49031,UT,Piute County,0.826
49033,UT,Rich County,0.911
49035,UT,Salt Lake County,1.139
49037,UT,San Juan County,0.763
49039,UT,Sanpete County,0.916
49041,UT,Sevier County,0.911
49043,UT,Summit County,1.444
49045,UT,Tooele County,1.144
49047,UT,Uintah County,1.073
49049,UT,Utah County,1.131
49051,UT,Wasatch County,1.291
49053,UT,Washington County,0.925
49055,UT,Wayne County,0.863
49057,UT,Weber County,1.085
50001,VT,Addison County,0.996
50003,VT,Bennington County,0.925
50005,VT,Caledonia County,0.847
50007,VT,Chittenden County,1.035
50009,VT,Essex County,0.716
50011,VT,Franklin County,0.92
50013,VT,Grand Isle County,0.991
50015,VT,Lamoille County,0.936
50017,VT,Orange County,0.928
50019,VT,Orleans County,0.758
50021,VT,Rutland County,0.929
50023,VT,Washington County,1.012
50025,VT,Windham County,0.844
50027,VT,Windsor County,0.989
51001,VA,Accomack County,1.015
51003,VA,Albemarle County,1.205
51005,VA,Alleghany County,1.027
51007,VA,Amelia County,1.195
51009,VA,Amherst County,1.151
51011,VA,Appomattox County,1.116
51013,VA,Arlington County,1.473
51015,VA,Augusta County,1.06
51017,VA,Bath County,1.029
51019,VA,Bedford County,1.161
51021,VA,Bland County,0.937
51023,VA,Botetourt County,1.277
51025,VA,Brunswick County,0.874
51027,VA,Buchanan County,0.714
51029,VA,Buckingham County,1.018
51031,VA,Campbell County,1.051
51033,VA,Caroline County,1.108
51035,VA,Carroll County,0.962
51036,VA,Charles City County,1.112
51037,VA,Charlotte County,0.989
51041,VA,Chesterfield County,1.15
51043,VA,Clarke County,1.384
51045,VA,Craig County,1.28
51047,VA,Culpeper County,1.238
51049,VA,Cumberland County,0.998
51051,VA,Dickenson County,0.747
51053,VA,Dinwiddie County,1.037
51057,VA,Essex County,0.917
51059,VA,Fairfax County,1.389
51061,VA,Fauquier County,1.482
51063,VA,Floyd County,1.039
51065,VA,Fluvanna County,1.217
51067,VA,Franklin County,1.043
51069,VA,Frederick County,1.195
51071,VA,Giles County,1.002
51073,VA,Gloucester County,1.177
51075,VA,Goochland County,1.389
51077,VA,Grayson County,0.856
51079,VA,Greene County,1.019
51081,VA,Greensville County,0.921
51083,VA,Halifax County,1.031
51085,VA,Hanover County,1.298
51087,VA,Henrico County,1.176
51089,VA,Henry County,0.92
51091,VA,Highland County,0.853
51093,VA,Isle of Wight County,1.291
51095,VA,James City County,1.31
51097,VA,King and Queen County,1.085
51099,VA,King George County,1.348
51101,VA,King William County,1.038
51103,VA,Lancaster County,1.132
51105,VA,Lee County,0.842
51107,VA,Loudoun County,1.52
51109,VA,Louisa County,1.084
51111,VA,Lunenburg County,0.911
51113,VA,Madison County,0.967
51115,VA,Mathews County,0.953
51117,VA,Mecklenburg County,1.001
51119,VA,Middlesex County,1.056
51121,VA,Montgomery County,1.125
51125,VA,Nelson County,1.137
51127,VA,New Kent County,1.29
51131,VA,Northampton County,1.011
51133,VA,Northumberland County,1.062
51135,VA,Nottoway County,0.979
51137,VA,Orange County,1.222
51139,VA,Page County,1.029
51141,VA,Patrick County,1.071
51143,VA,Pittsylvania County,1
51145,VA,Powhatan County,1.333
51147,VA,Prince Edward County,1.077
51149,VA,Prince George County,1.099
51153,VA,Prince William County,1.26
51155,VA,Pulaski County,1.051
51157,VA,Rappahannock County,1.32
51159,VA,Richmond County,0.907
51161,VA,Roanoke County,1.208
51163,VA,Rockbridge County,1.097
51165,VA,Rockingham County,1.076
51167,VA,Russell County,0.866
51169,VA,Scott County,0.945
51171,VA,Shenandoah County,1.095
51173,VA,Smyth County,0.928
51175,VA,Southampton County,1.079
51177,VA,Spotsylvania County,1.181
51179,VA,Stafford County,1.385
51181,VA,Surry County,1.124
51183,VA,Sussex County,0.898
51185,VA,Tazewell County,0.965
51187,VA,Warren County,1.228
51191,VA,Washington County,1.043
51193,VA,Westmoreland County,1.147
51195,VA,Wise County,0.875
51197,VA,Wythe County,1.09
51199,VA,York County,1.254
51510,VA,Alexandria city,1.284
51520,VA,Bristol city,0.952
51530,VA,Buena Vista city,0.626
51540,VA,Charlottesville city,1.097
51550,VA,Chesapeake city,1.15
51570,VA,Colonial Heights city,1
51580,VA,Covington city,0.955
51590,VA,Danville city,0.925
51595,VA,Emporia city,0.645
51600,VA,Fairfax city,1.415
51610,VA,Falls Church city,1.686
51620,VA,Franklin city,0.729
51630,VA,Fredericksburg city,1.102
51640,VA,Galax city,0.742
51650,VA,Hampton city,0.989
51660,VA,Harrisonburg city,0.971
51670,VA,Hopewell city,0.719
51678,VA,Lexington city,1.17
51680,VA,Lynchburg city,0.984
51683,VA,Manassas city,0.992
51685,VA,Manassas Park city,0.893
51690,VA,Martinsville city,0.839
51700,VA,Newport News city,0.941
51710,VA,Norfolk city,0.892
51720,VA,Norton city,0.872
51730,VA,Petersburg city,0.75
51735,VA,Poquoson city,1.317
51740,VA,Portsmouth city,0.878
51750,VA,Radford city,1.073
51760,VA,Richmond city,0.885
51770,VA,Roanoke city,0.873
51775,VA,Salem city,1.106
51790,VA,Staunton city,1.09
51800,VA,Suffolk city,1.145
51810,VA,Virginia Beach city,1.093
51820,VA,Waynesboro city,0.956
51830,VA,Williamsburg city,1.154
51840,VA,Winchester city,1.012
53001,WA,Adams County,0.854
53003,WA,Asotin County,1.008
53005,WA,Benton County,1.194
53007,WA,Chelan County,0.949
53009,WA,Clallam County,0.939
53011,WA,Clark County,1.022
53013,WA,Columbia County,1.259
53015,WA,Cowlitz County,0.953
53017,WA,Douglas County,0.946
53019,WA,Ferry County,0.881
53021,WA,Franklin County,1.04
53023,WA,Garfield County,1.077
53025,WA,Grant County,0.963
53027,WA,Grays Harbor County,0.922
53029,WA,Island County,0.958
53031,WA,Jefferson County,0.92
53033,WA,King County,1.173
53035,WA,Kitsap County,1.07
53037,WA,Kittitas County,1.051
53039,WA,Klickitat County,0.985
53041,WA,Lewis County,0.968
53043,WA,Lincoln County,0.94
53045,WA,Mason County,0.973
53047,WA,Okanogan County,0.834
53049,WA,Pacific County,0.916
53051,WA,Pend Oreille County,0.915
53053,WA,Pierce County,1.058
53055,WA,San Juan County,0.953
53057,WA,Skagit County,0.964
53059,WA,Skamania County,1.009
53061,WA,Snohomish County,1.06
53063,WA,Spokane County,1.068
53065,WA,Stevens County,0.957
53067,WA,Thurston County,1.106
53069,WA,Wahkiakum County,0.977
53071,WA,Walla Walla County,1.061
53073,WA,Whatcom County,0.996
53075,WA,Whitman County,1.079
53077,WA,Yakima County,0.892
54001,WV,Barbour County,0.782
54003,WV,Berkeley County,0.893
54005,WV,Boone County,0.702
54007,WV,Braxton County,0.732
54009,WV,Brooke County,0.982
54011,WV,Cabell County,0.774
54013,WV,Calhoun County,0.668
54015,WV,Clay County,0.675
54017,WV,Doddridge County,0.889
54019,WV,Fayette County,0.729
54021,WV,Gilmer County,0.851
54023,WV,Grant County,0.918
54025,WV,Greenbrier County,0.738
54027,WV,Hampshire County,0.793
54029,WV,Hancock County,0.807
54031,WV,Hardy County,0.799
54033,WV,Harrison County,0.975
54035,WV,Jackson County,0.868
54037,WV,Jefferson County,1.169
54039,WV,Kanawha County,0.828
54041,WV,Lewis County,0.782
54043,WV,Lincoln County,0.688
54045,WV,Logan County,0.714
54047,WV,McDowell County,0.474
54049,WV,Marion County,0.869
54051,WV,Marshall County,0.871
54053,WV,Mason County,0.805
54055,WV,Mercer County,0.773
54057,WV,Mineral County,0.896
54059,WV,Mingo County,0.651
54061,WV,Monongalia County,1.001
54063,WV,Monroe County,0.747
54065,WV,Morgan County,0.859
54067,WV,Nicholas County,0.712
54069,WV,Ohio County,0.992
54071,WV,Pendleton County,0.722
54073,WV,Pleasants County,1.018
54075,WV,Pocahontas County,0.793
54077,WV,Preston County,0.905
54079,WV,Putnam County,0.891
54081,WV,Raleigh County,0.77
54083,WV,Randolph County,0.84
54085,WV,Ritchie County,0.758
54087,WV,Roane County,0.74
54089,WV,Summers County,0.716
54091,WV,Taylor County,0.894
54093,WV,Tucker County,0.841
54095,WV,Tyler County,0.825
54097,WV,Upshur County,0.81
54099,WV,Wayne County,0.718
54101,WV,Webster County,0.687
54103,WV,Wetzel County,0.772
54105,WV,Wirt County,0.834
54107,WV,Wood County,0.833
54109,WV,Wyoming County,0.73
55001,WI,Adams County,0.929
55003,WI,Ashland County,0.878
55005,WI,Barron County,0.967
55007,WI,Bayfield County,0.962
55009,WI,Brown County,1.083
55011,WI,Buffalo County,0.989
55013,WI,Burnett County,0.881
55015,WI,Calumet County,1.214
55017,WI,Chippewa County,0.946
55019,WI,Clark County,0.954
55021,WI,Columbia County,1.158
55023,WI,Crawford County,0.997
55025,WI,Dane County,1.174
55027,WI,Dodge County,1.127
55029,WI,Door County,1.08
55031,WI,Douglas County,0.974
55033,WI,Dunn County,1.047
55035,WI,Eau Claire County,1.048
55037,WI,Florence County,0.921
55039,WI,Fond du Lac County,1.122
55041,WI,Forest County,0.806
55043,WI,Grant County,1.133
55045,WI,Green County,1.138
55047,WI,Green Lake County,1.086
55049,WI,Iowa County,1.161
55051,WI,Iron County,0.835
55053,WI,Jackson County,0.995
55055,WI,Jefferson County,1.111
55057,WI,Juneau County,0.976
55059,WI,Kenosha County,1.02
55061,WI,Kewaunee County,1.141
55063,WI,La Crosse County,1.038
55065,WI,Lafayette County,1.097
55067,WI,Langlade County,0.988
55069,WI,Lincoln County,1.109
55071,WI,Manitowoc County,1.14
55073,WI,Marathon County,1.06
55075,WI,Marinette County,0.935
55077,WI,Marquette County,1.014
55078,WI,Menominee County,0.667
55079,WI,Milwaukee County,0.844
55081,WI,Monroe County,1.013
55083,WI,Oconto County,1.156
55085,WI,Oneida County,1.046
55087,WI,Outagamie County,1.087
55089,WI,Ozaukee County,1.291
55091,WI,Pepin County,0.993
55093,WI,Pierce County,1.125
55095,WI,Polk County,1.029
55097,WI,Portage County,1.138
55099,WI,Price County,0.913
55101,WI,Racine County,1.047
55103,WI,Richland County,0.966
55105,WI,Rock County,0.979
55107,WI,Rusk County,0.822
55109,WI,St. Croix County,1.196
55111,WI,Sauk County,1.099
55113,WI,Sawyer County,0.872
55115,WI,Shawano County,1.04
55117,WI,Sheboygan County,1.066
55119,WI,Taylor County,0.949
55121,WI,Trempealeau County,1.026
55123,WI,Vernon County,1.015
55125,WI,Vilas County,0.885
55127,WI,Walworth County,1.15
55129,WI,Washburn County,0.962
55131,WI,Washington County,1.235
55133,WI,Waukesha County,1.281
55135,WI,Waupaca County,1.022
55137,WI,Waushara County,0.99
55139,WI,Winnebago County,1.037
55141,WI,Wood County,1.042
56001,WY,Albany County,1.131
56003,WY,Big Horn County,0.923
56005,WY,Campbell County,1.199
56007,WY,Carbon County,0.993
56009,WY,Converse County,1.185
56011,WY,Crook County,1.101
56013,WY,Fremont County,0.982
56015,WY,Goshen County,0.946
56017,WY,Hot Springs County,1.097
56019,WY,Johnson County,1.027
56021,WY,Laramie County,1.111
56023,WY,Lincoln County,1.054
56025,WY,Natrona County,1.115
56027,WY,Niobrara County,0.664
56029,WY,Park County,1.027
56031,WY,Platte County,0.991
56033,WY,Sheridan County,1.132
56035,WY,Sublette County,1.059
56037,WY,Sweetwater County,1.226
56039,WY,Teton County,1.099
56041,WY,Uinta County,1.152
56043,WY,Washakie County,0.993
56045,WY,Weston County,1.05
